id,kode_pohon,nama_lokal,nama_latin,Group,Icon,status_iucn,diameter,tinggi,unit_PS,jenis_lahan,nama_khas_wilayah,Latitude,Longitude,elevasi,jarak_permukiman,status_adopsi,nama_pengadopsi,masa_berlaku,nama_surveyor,waktu_survei,harga_adopsi,serapan_karbon,penyedia_bibit,metode_karbon,Image1,Image2,Image3,Image4,chart_link
132,TBK0013,Katawak,-,Pohon Tua,icon/mature_tree.svg,Not Defined,108,30,Hutan Adat Imbo Bukik Kojan,-,-,-0.3021634,101.0344596,294.7669487,3,Belum,Belum,Belum,Abandri,12/11/2020 0:00,200000,26415.58435,-,-,media/1.132.jpg,media/2.132.jpg,media/3.132.jpg,media/4.132.jpg,adopsipohonriau/132
133,TBK0017,Meranti Pirang,Shorea leprosula,Pohon Tua,icon/mature_tree.svg,Near Threatened,70,20,Hutan Adat Imbo Bukik Kojan,-,-,-0.2997918,101.0332291,434.6770686,3,Belum,Belum,Belum,Eka Saputra,12/11/2020 0:00,200000,6806.947553,-,-,media/1.133.jpg,media/2.133.jpg,media/3.133.jpg,media/4.133.jpg,adopsipohonriau/133
134,TBK0019,Seminai,Madhuca utilis,Pohon Tua,icon/mature_tree.svg,Endangered,88,40,Hutan Adat Imbo Bukik Kojan,-,-,-0.2998107,101.0332366,430.2861337,3,Belum,Belum,Belum,Bayu,12/11/2020 0:00,200000,6931.192881,-,-,media/1.134.jpg,media/2.134.jpg,media/3.134.jpg,media/4.134.jpg,adopsipohonriau/134
135,TBK0021,Seminai,Madhuca utilis,Pohon Tua,icon/mature_tree.svg,Endangered,94,15,Hutan Adat Imbo Bukik Kojan,-,-,-0.2998279,101.0327986,420.6580439,3,Belum,Belum,Belum,Firga,12/11/2020 0:00,200000,20062.66245,-,-,media/1.135.jpg,media/2.135.jpg,media/3.135.jpg,media/4.135.jpg,adopsipohonriau/135
136,TBK0023,Seminai,Madhuca utilis,Pohon Tua,icon/mature_tree.svg,Endangered,106,25,Hutan Adat Imbo Bukik Kojan,-,-,-0.2999957,101.0325416,352.2461653,3,Belum,Belum,Belum,Roni,12/11/2020 0:00,200000,9682.231791,-,-,media/1.136.jpg,media/2.136.jpg,media/3.136.jpg,media/4.136.jpg,adopsipohonriau/136
136,TBK0023,Seminai,Madhuca utilis,Pohon Tua,icon/mature_tree.svg,Endangered,106,25,Hutan Adat Imbo Bukik Kojan,-,-,-0.2999957,101.0325416,352.2461653,3,Belum,Belum,Belum,Roni,12/11/2020 0:00,200000,9682.231791,-,-,media/1.136.jpg,media/2.136.jpg,media/3.136.jpg,media/4.136.jpg,adopsipohonriau/136
138,TBK0027,Bikang,-,Pohon Tua,icon/mature_tree.svg,Not Defined,103,20,Hutan Adat Imbo Bukik Kojan,-,-,-0.2990982,101.0322886,465.4929138,3,Belum,Belum,Belum,Bayu,12/11/2020 0:00,200000,21057.04937,-,-,media/1.138.jpg,media/2.138.jpg,media/3.138.jpg,media/4.138.jpg,adopsipohonriau/138
139,TBK0029,Katawak,-,Pohon Tua,icon/mature_tree.svg,Not Defined,114,40,Hutan Adat Imbo Bukik Kojan,-,-,-0.2992025,101.0320238,445.5246877,3,Belum,Belum,Belum,Roni,4/29/2021 0:00,200000,11276.0318,-,-,media/1.139.jpg,media/2.139.jpg,media/3.139.jpg,media/4.139.jpg,adopsipohonriau/139
140,TBK0033,Lalan,Santiria laevigata,Pohon Tua,icon/mature_tree.svg,Least Concern,66,35,Hutan Adat Imbo Bukik Kojan,-,-,-0.2987293,101.032288,485.727701,3,Belum,Belum,Belum,Firga,12/11/2020 0:00,200000,8120.01509,-,-,media/1.140.jpg,media/2.140.jpg,media/3.140.jpg,media/4.140.jpg,adopsipohonriau/140
141,TBK0035,Tangur,Calophyllum soulattri,Pohon Tua,icon/mature_tree.svg,Least Concern,84,40,Hutan Adat Imbo Bukik Kojan,-,-,-0.2987072,101.0321078,448.4991207,3,Belum,Belum,Belum,Majid,12/11/2020 0:00,200000,6183.868428,-,-,media/1.141.jpg,media/2.141.jpg,media/3.141.jpg,media/4.141.jpg,adopsipohonriau/141
142,TBK0037,Meranti Bunga,Shorea parvifolia,Pohon Tua,icon/mature_tree.svg,Least Concern,89,25,Hutan Adat Imbo Bukik Kojan,-,-,-0.2985045,101.0321748,477.02017,3,Belum,Belum,Belum,Eka Saputra,12/11/2020 0:00,200000,8042.654063,-,-,media/1.142.jpg,media/2.142.jpg,media/3.142.jpg,media/4.142.jpg,adopsipohonriau/142
143,TBK0039,Seminai,Madhuca utilis,Pohon Tua,icon/mature_tree.svg,Endangered,114,25,Hutan Adat Imbo Bukik Kojan,-,-,-0.2989824,101.0320017,468.1233092,3,Belum,Belum,Belum,Firga,12/11/2020 0:00,200000,11053.59283,-,-,media/1.143.jpg,media/2.143.jpg,media/3.143.jpg,media/4.143.jpg,adopsipohonriau/143
144,TBK0041,Meranti Pirang,Shorea leprosula,Pohon Tua,icon/mature_tree.svg,Near Threatened,80,25,Hutan Adat Imbo Bukik Kojan,-,-,-0.2990783,101.0322271,484.539074,3,Belum,Belum,Belum,Majid,12/11/2020 0:00,200000,14609.81837,-,-,media/1.144.jpg,media/2.144.jpg,media/3.144.jpg,media/4.144.jpg,adopsipohonriau/144
145,TBK0043,Karunduang Pogam,Dacryodes rostrata,Pohon Tua,icon/mature_tree.svg,Least Concern,100,35,Hutan Adat Imbo Bukik Kojan,-,-,-0.299074,101.0320028,462.2946939,3,Belum,Belum,Belum,Bayu,12/11/2020 0:00,200000,5646.176345,-,-,media/1.145.jpg,media/2.145.jpg,media/3.145.jpg,media/4.145.jpg,adopsipohonriau/145
146,TBK0045,Pulai,Alstonia scholaris,Pohon Tua,icon/mature_tree.svg,Least Concern,81,40,Hutan Adat Imbo Bukik Kojan,-,-,-0.2990763,101.0319105,512.2702937,3,Belum,Belum,Belum,Roni,12/11/2020 0:00,200000,6700.21402,-,-,media/1.146.jpg,media/2.146.jpg,media/3.146.jpg,media/4.146.jpg,adopsipohonriau/146
147,TBK0047,Seminai,Madhuca utilis,Pohon Tua,icon/mature_tree.svg,Endangered,72,15,Hutan Adat Imbo Bukik Kojan,-,-,-0.2988366,101.03173,447.8415466,3,Belum,Belum,Belum,Eka Saputra,12/11/2020 0:00,200000,16040.42244,-,-,media/1.147.jpg,media/2.147.jpg,media/3.147.jpg,media/4.147.jpg,adopsipohonriau/147
148,TBK0049,Meranti Pirang,Shorea leprosula,Pohon Tua,icon/mature_tree.svg,Near Threatened,94,40,Hutan Adat Imbo Bukik Kojan,-,-,-0.2994553,101.0320008,410.358809,3,Belum,Belum,Belum,Bayu,12/11/2020 0:00,200000,4218.596143,-,-,media/1.148.jpg,media/2.148.jpg,media/3.148.jpg,media/4.148.jpg,adopsipohonriau/148
149,TBK0001,Meranti,Shorea sp.,Pohon Tua,icon/mature_tree.svg,Not Defined,105,20,Hutan Adat Imbo Bukik Kojan,-,-,-0.2999562,101.0376337,119.6,3,Belum,Belum,Belum,Abandri,12/11/2020 0:00,200000,16343.46446,-,-,media/1.149.jpg,media/2.149.jpg,media/3.149.jpg,media/4.149.jpg,adopsipohonriau/149
150,TBK0002,Meranti Kulit Buaya,Shorea uliginosa,Pohon Tua,icon/mature_tree.svg,Vulnerable,80,25,Hutan Adat Imbo Bukik Kojan,-,-,-0.3000393,101.0369973,282.5,3,Belum,Belum,Belum,Roni,12/11/2020 0:00,200000,21952.05011,-,-,media/1.150.jpg,media/2.150.jpg,media/3.150.jpg,media/4.150.jpg,adopsipohonriau/150
151,TBK0003,Bumbuang,Pertusadina sp.,Pohon Tua,icon/mature_tree.svg,Not Defined,54,20,Hutan Adat Imbo Bukik Kojan,-,-,-0.3012542,101.0360558,325.7,3,Belum,Belum,Belum,Firga,12/11/2020 0:00,200000,45969.43978,-,-,media/1.151.jpg,media/2.151.jpg,media/3.151.jpg,media/4.151.jpg,adopsipohonriau/151
152,TBK0004,Karunduang Pogam,Dacryodes rostrata,Pohon Tua,icon/mature_tree.svg,Least Concern,76,30,Hutan Adat Imbo Bukik Kojan,-,-,-0.3017531,101.0360479,326,3,Belum,Belum,Belum,Rony,12/11/2020 0:00,200000,8549.719691,-,-,media/1.152.jpg,media/2.152.jpg,media/3.152.jpg,media/4.152.jpg,adopsipohonriau/152
153,TBK0005,Meranti Pirang,Shorea leprosula,Pohon Tua,icon/mature_tree.svg,Near Threatened,74,15,Hutan Adat Imbo Bukik Kojan,-,-,-0.3018274,101.0360039,328.2,2,Belum,Belum,Belum,Eka Saputra,12/11/2020 0:00,200000,5046.068667,-,-,media/1.153.jpg,media/2.153.jpg,media/3.153.jpg,media/4.153.jpg,adopsipohonriau/153
154,TBK0006,Aro,Ficus sp.,Pohon Tua,icon/mature_tree.svg,Not Defined,65,25,Hutan Adat Imbo Bukik Kojan,-,-,-0.3016577,101.0355286,317.3,2,Belum,Belum,Belum,Majid,12/11/2020 0:00,200000,67506.92905,-,-,media/1.154.jpg,media/2.154.jpg,media/3.154.jpg,media/4.154.jpg,adopsipohonriau/154
155,TBK0007,Meranti Pirang,Shorea leprosula,Pohon Tua,icon/mature_tree.svg,Near Threatened,96,20,Hutan Adat Imbo Bukik Kojan,-,-,-0.3017302,101.0357038,317.3,3,Belum,Belum,Belum,Abandri,12/11/2020 0:00,200000,9919.878491,-,-,media/1.155.jpg,media/2.155.jpg,media/3.155.jpg,media/4.155.jpg,adopsipohonriau/155
156,TBK0008,Modang Pew,Litsea sp.,Pohon Tua,icon/mature_tree.svg,Not Defined,75,30,Hutan Adat Imbo Bukik Kojan,-,-,-0.3018564,101.0356006,321,2,Belum,Belum,Belum,Majid,12/11/2020 0:00,200000,16433.93663,-,-,media/1.156.jpg,media/2.156.jpg,media/3.156.jpg,media/4.156.jpg,adopsipohonriau/156
157,TBK0009,Meranti Pirang,Shorea leprosula,Pohon Tua,icon/mature_tree.svg,Near Threatened,79,20,Hutan Adat Imbo Bukik Kojan,-,-,-0.3018698,101.0354744,321.2,2,Belum,Belum,Belum,Abandri,12/11/2020 0:00,200000,7935.416537,-,-,media/1.157.jpg,media/2.157.jpg,media/3.157.jpg,media/4.157.jpg,adopsipohonriau/157
158,TBK0010,Bumbuang,Pertusadina sp.,Pohon Tua,icon/mature_tree.svg,Not Defined,65,25,Hutan Adat Imbo Bukik Kojan,-,-,-0.3020458,101.0356389,321.5,2,Belum,Belum,Belum,Bayu,12/11/2020 0:00,200000,19441.29971,-,-,media/1.158.jpg,media/2.158.jpg,media/3.158.jpg,media/4.158.jpg,adopsipohonriau/158
159,TBK0011,Meranti Ambai,Shorea acuminata,Pohon Tua,icon/mature_tree.svg,Least Concern,61,35,Hutan Adat Imbo Bukik Kojan,-,-,-0.3018547,101.0352959,321.7,2,Belum,Belum,Belum,Firga,12/11/2020 0:00,200000,6005.807403,-,-,media/1.159.jpg,media/2.159.jpg,media/3.159.jpg,media/4.159.jpg,adopsipohonriau/159
160,TBK0012,Meranti Sabuik,Pimelodendron griffithianum,Pohon Tua,icon/mature_tree.svg,Not Defined,56,30,Hutan Adat Imbo Bukik Kojan,-,-,-0.3022008,101.0347865,308,2,Belum,Belum,Belum,Roni,12/11/2020 0:00,200000,36385.06701,-,-,media/1.160.jpg,media/2.160.jpg,media/3.160.jpg,media/4.160.jpg,adopsipohonriau/160
161,TBK0014,Meranti Pirang,Shorea leprosula,Pohon Tua,icon/mature_tree.svg,Near Threatened,76,15,Hutan Adat Imbo Bukik Kojan,-,-,-0.3015217,101.0345897,337.5,2,Belum,Belum,Belum,Eka Saputra,12/11/2020 0:00,200000,7740.523089,-,-,media/1.161.jpg,media/2.161.jpg,media/3.161.jpg,media/4.161.jpg,adopsipohonriau/161
162,TBK0015,Meranti Pirang,Shorea leprosula,Pohon Tua,icon/mature_tree.svg,Near Threatened,86,20,Hutan Adat Imbo Bukik Kojan,-,-,-0.3013165,101.0345613,337.6,2,Belum,Belum,Belum,Abandri,12/11/2020 0:00,200000,15481.03439,-,-,media/1.162.jpg,media/2.162.jpg,media/3.162.jpg,media/4.162.jpg,adopsipohonriau/162
163,TBK0016,Meranti Pirang,Shorea leprosula,Pohon Tua,icon/mature_tree.svg,Near Threatened,83,20,Hutan Adat Imbo Bukik Kojan,-,-,-0.3008824,101.033416,393.2,2,Belum,Belum,Belum,Firga,12/11/2020 0:00,200000,6641.846464,-,-,media/1.163.jpg,media/2.163.jpg,media/3.163.jpg,media/4.163.jpg,adopsipohonriau/163
164,TBK0018,Meranti Kulit Buaya,Shorea uliginosa,Pohon Tua,icon/mature_tree.svg,Vulnerable,90,30,Hutan Adat Imbo Bukik Kojan,-,-,-0.299856,101.0329949,409.8,2,Belum,Belum,Belum,Bayu,12/11/2020 0:00,200000,10989.92001,-,-,media/1.164.jpg,media/2.164.jpg,media/3.164.jpg,media/4.164.jpg,adopsipohonriau/164
165,TBK0020,Meranti,Shorea sp.,Pohon Tua,icon/mature_tree.svg,Not Defined,121,35,Hutan Adat Imbo Bukik Kojan,-,-,-0.2998123,101.0329396,411.3,2,Belum,Belum,Belum,Eka Saputra,12/11/2020 0:00,200000,8659.037423,-,-,media/1.165.jpg,media/2.165.jpg,media/3.165.jpg,media/4.165.jpg,adopsipohonriau/165
166,TBK0022,Meranti Sabuik,Pimelodendron griffithianum,Pohon Tua,icon/mature_tree.svg,Not Defined,58,35,Hutan Adat Imbo Bukik Kojan,-,-,-0.2995898,101.0324733,411.1,2,Belum,Belum,Belum,Majid,12/11/2020 0:00,200000,20046.47772,-,-,media/1.166.jpg,media/2.166.jpg,media/3.166.jpg,media/4.166.jpg,adopsipohonriau/166
167,TBK0024,Meranti Pirang,Shorea leprosula,Pohon Tua,icon/mature_tree.svg,Near Threatened,82,35,Hutan Adat Imbo Bukik Kojan,-,-,-0.2991751,101.0324705,433.2,2,Belum,Belum,Belum,Abandri,12/11/2020 0:00,200000,7488.55475,-,-,media/1.167.jpg,media/2.167.jpg,media/3.167.jpg,media/4.167.jpg,adopsipohonriau/167
168,TBK0026,Meranti Kulit Buaya,Shorea uliginosa,Pohon Tua,icon/mature_tree.svg,Vulnerable,79,30,Hutan Adat Imbo Bukik Kojan,-,-,-0.2992387,101.0325208,428.8,2,Belum,Belum,Belum,Bayu,12/11/2020 0:00,200000,14185.12278,-,-,media/1.168.jpg,media/2.168.jpg,media/3.168.jpg,media/4.168.jpg,adopsipohonriau/168
169,TBK0028,Meranti,Shorea sp.,Pohon Tua,icon/mature_tree.svg,Not Defined,57,35,Hutan Adat Imbo Bukik Kojan,-,-,-0.2990618,101.0322631,425.3,2,Belum,Belum,Belum,Firga,12/11/2020 0:00,200000,25048.47998,-,-,media/1.169.jpg,media/2.169.jpg,media/3.169.jpg,media/4.169.jpg,adopsipohonriau/169
170,TBK0030,Meranti Kulit Buaya,Shorea uliginosa,Pohon Tua,icon/mature_tree.svg,Vulnerable,78,30,Hutan Adat Imbo Bukik Kojan,-,-,-0.2987825,101.0322703,425.4,2,Belum,Belum,Belum,Roni,12/11/2020 0:00,200000,22998.63581,-,-,media/1.170.jpg,media/2.170.jpg,media/3.170.jpg,media/4.170.jpg,adopsipohonriau/170
171,TBK0031,Meranti,Shorea sp.,Pohon Tua,icon/mature_tree.svg,Not Defined,103,35,Hutan Adat Imbo Bukik Kojan,-,-,-0.2987659,101.0323094,425.4,2,Belum,Belum,Belum,Abandri,12/11/2020 0:00,200000,6818.590371,-,-,media/1.171.jpg,media/2.171.jpg,media/3.171.jpg,media/4.171.jpg,adopsipohonriau/171
172,TBK0032,Meranti Ambai,Shorea acuminata,Pohon Tua,icon/mature_tree.svg,Least Concern,79,25,Hutan Adat Imbo Bukik Kojan,-,-,-0.2988533,101.031957,381.1,2,Belum,Belum,Belum,Bayu,12/11/2020 0:00,200000,8381.357671,-,-,media/1.172.jpg,media/2.172.jpg,media/3.172.jpg,media/4.172.jpg,adopsipohonriau/172
173,TBK0034,Meranti,Shorea sp.,Pohon Tua,icon/mature_tree.svg,Not Defined,65,30,Hutan Adat Imbo Bukik Kojan,-,-,-0.2987572,101.0321517,381,2,Belum,Belum,Belum,Eka Saputra,12/11/2020 0:00,200000,8146.583195,-,-,media/1.173.jpg,media/2.173.jpg,media/3.173.jpg,media/4.173.jpg,adopsipohonriau/173
174,TBK0036,Meranti Sabuik,Pimelodendron griffithianum,Pohon Tua,icon/mature_tree.svg,Not Defined,71,35,Hutan Adat Imbo Bukik Kojan,-,-,-0.298883,101.0319992,380.8,2,Belum,Belum,Belum,Majid,12/11/2020 0:00,200000,24731.17605,-,-,media/1.174.jpg,media/2.174.jpg,media/3.174.jpg,media/4.174.jpg,adopsipohonriau/174
175,TBK0038,Meranti,Shorea sp.,Pohon Tua,icon/mature_tree.svg,Not Defined,97,40,Hutan Adat Imbo Bukik Kojan,-,-,-0.2987633,101.0316151,440.2,2,Belum,Belum,Belum,Abandri,12/11/2020 0:00,200000,24050.24079,-,-,media/1.175.jpg,media/2.175.jpg,media/3.175.jpg,media/4.175.jpg,adopsipohonriau/175
872,TBK0040,Meranti Ambai,Shorea acuminata,Pohon Tua,icon/mature_tree.svg,Least Concern,63,25,Hutan Adat Imbo Bukik Kojan,-,-,-0.298854,101.0313925,436.7,2,Belum,Belum,Belum,Roni,12/11/2020 0:00,200000,13585.21699,-,-,media/1.872.jpg,media/2.872.jpg,media/3.872.jpg,media/4.872.jpg,adopsipohonriau/872
873,TBK0042,Meranti Ambai,Shorea acuminata,Pohon Tua,icon/mature_tree.svg,Least Concern,63,30,Hutan Adat Imbo Bukik Kojan,-,-,-0.2988849,101.0314103,436.8,2,Belum,Belum,Belum,Firga,12/11/2020 0:00,200000,7301.57306,-,-,media/1.873.jpg,media/2.873.jpg,media/3.873.jpg,media/4.873.jpg,adopsipohonriau/873
874,TBK0044,Meranti Gombuang,Shorea leprosula,Pohon Tua,icon/mature_tree.svg,Near Threatened,95,40,Hutan Adat Imbo Bukik Kojan,-,-,-0.2990881,101.0312643,480.9,2,Belum,Belum,Belum,Bayu,12/11/2020 0:00,200000,4253.025759,-,-,media/1.874.jpg,media/2.874.jpg,media/3.874.jpg,media/4.874.jpg,adopsipohonriau/874
875,TBK0046,Meranti,Shorea sp.,Pohon Tua,icon/mature_tree.svg,Not Defined,63,35,Hutan Adat Imbo Bukik Kojan,-,-,-0.2990249,101.031522,480.8,2,Belum,Belum,Belum,Eka Saputra,12/11/2020 0:00,200000,12671.58166,-,-,media/1.875.jpg,media/2.875.jpg,media/3.875.jpg,media/4.875.jpg,adopsipohonriau/875
876,TBK0048,Meranti Pirang,Shorea leprosula,Pohon Tua,icon/mature_tree.svg,Near Threatened,79,30,Hutan Adat Imbo Bukik Kojan,-,-,-0.2992625,101.0316404,443,2,Belum,Belum,Belum,Majid,12/11/2020 0:00,200000,14753.24053,-,-,media/1.876.jpg,media/2.876.jpg,media/3.876.jpg,media/4.876.jpg,adopsipohonriau/876
877,TBK0050,Meranti,Shorea sp.,Pohon Tua,icon/mature_tree.svg,Not Defined,92,35,Hutan Adat Imbo Bukik Kojan,-,-,-0.2991045,101.0318903,443.1,2,Belum,Belum,Belum,Firga,12/11/2020 0:00,200000,19829.72311,-,-,media/1.877.jpg,media/2.877.jpg,media/3.877.jpg,media/4.877.jpg,adopsipohonriau/877
878,TBK0051,Bumbuang,Pertusadina sp.,Pohon Tua,icon/mature_tree.svg,Not Defined,94,20,Hutan Adat Imbo Bukik Kojan,-,-,-0.2991545,101.0320999,428.8466978,2,Belum,Belum,Belum,Joni,4/29/2021 0:00,200000,16263.44716,-,-,media/1.878.jpg,media/2.878.jpg,media/3.878.jpg,media/4.878.jpg,adopsipohonriau/878
879,TBK0052,Ntanguahg,Calophyllum soulattri,Pohon Tua,icon/mature_tree.svg,Least Concern,64,15,Hutan Adat Imbo Bukik Kojan,-,-,-0.2989827,101.0310714,487.117975,2,Belum,Belum,Belum,Joni,4/29/2021 0:00,200000,3644.116882,-,-,media/1.879.jpg,media/2.879.jpg,media/3.879.jpg,media/4.879.jpg,adopsipohonriau/879
880,TBK0151,Meranti Pirang,Shorea leprosula,Pohon Tua,icon/mature_tree.svg,Near Threatened,64,20,Hutan Adat Imbo Bukik Kojan,-,-,-0.2993149,101.0308418,474.4047349,2,Belum,Belum,Belum,Ramlan,4/29/2021 0:00,200000,5245.080089,-,-,media/1.880.jpg,media/2.880.jpg,media/3.880.jpg,media/4.880.jpg,adopsipohonriau/880
881,TBK0152,Tangur,Calophyllum soulattri,Pohon Tua,icon/mature_tree.svg,Least Concern,65,30,Hutan Adat Imbo Bukik Kojan,-,-,-0.2992502,101.0308796,486.3827655,2,Belum,Belum,Belum,Firga,4/29/2021 0:00,200000,5817.898243,-,-,media/1.881.jpg,media/2.881.jpg,media/3.881.jpg,media/4.881.jpg,adopsipohonriau/881
882,TBK0153,Meranti,Shorea sp.,Pohon Tua,icon/mature_tree.svg,Not Defined,84,25,Hutan Adat Imbo Bukik Kojan,-,-,-0.2993395,101.0306441,478.5099604,2,Belum,Belum,Belum,Ramlan,4/29/2021 0:00,200000,8920.978786,-,-,media/1.882.jpg,media/2.882.jpg,media/3.882.jpg,media/4.882.jpg,adopsipohonriau/882
883,TBK0154,Meranti,Shorea sp.,Pohon Tua,icon/mature_tree.svg,Not Defined,79,20,Hutan Adat Imbo Bukik Kojan,-,-,-0.2995269,101.0306007,479.222854,2,Belum,Belum,Belum,Arjun,4/29/2021 0:00,200000,22081.28058,-,-,media/1.883.jpg,media/2.883.jpg,media/3.883.jpg,media/4.883.jpg,adopsipohonriau/883
884,TBK0155,Tangur,Calophyllum soulattri,Pohon Tua,icon/mature_tree.svg,Least Concern,63,30,Hutan Adat Imbo Bukik Kojan,-,-,-0.2995395,101.0306551,475.5907786,2,Belum,Belum,Belum,Ramlan,4/29/2021 0:00,200000,4462.572508,-,-,media/1.884.jpg,media/2.884.jpg,media/3.884.jpg,media/4.884.jpg,adopsipohonriau/884
885,TBK0156,Meranti Batu,Parashorea aptera,Pohon Tua,icon/mature_tree.svg,Critically Endangered,82,25,Hutan Adat Imbo Bukik Kojan,-,-,-0.2994988,101.0310134,481.3054037,2,Belum,Belum,Belum,Ramlan,4/29/2021 0:00,200000,4456.470954,-,-,media/1.885.jpg,media/2.885.jpg,media/3.885.jpg,media/4.885.jpg,adopsipohonriau/885
886,TBK0157,Karunduang Pogam,Dacryodes rostrata,Pohon Tua,icon/mature_tree.svg,Least Concern,108,30,Hutan Adat Imbo Bukik Kojan,-,-,-0.2995284,101.030988,480.066034,2,Belum,Belum,Belum,Firga,4/29/2021 0:00,200000,6445.304476,-,-,media/1.886.jpg,media/2.886.jpg,media/3.886.jpg,media/4.886.jpg,adopsipohonriau/886
887,TBK0158,Meranti Ambai,Shorea acuminata,Pohon Tua,icon/mature_tree.svg,Least Concern,94,30,Hutan Adat Imbo Bukik Kojan,-,-,-0.2999005,101.0311968,509.6706736,2,Belum,Belum,Belum,Ramlan,4/29/2021 0:00,200000,5637.736453,-,-,media/1.887.jpg,media/2.887.jpg,media/3.887.jpg,media/4.887.jpg,adopsipohonriau/887
888,TBK0159,Meranti Pirang,Shorea leprosula,Pohon Tua,icon/mature_tree.svg,Near Threatened,90,25,Hutan Adat Imbo Bukik Kojan,-,-,-0.2998968,101.0310591,435.9485101,2,Belum,Belum,Belum,Ramlan,4/29/2021 0:00,200000,5260.95946,-,-,media/1.888.jpg,media/2.888.jpg,media/3.888.jpg,media/4.888.jpg,adopsipohonriau/888
889,TBK0160,Meranti,Shorea sp.,Pohon Tua,icon/mature_tree.svg,Not Defined,73,30,Hutan Adat Imbo Bukik Kojan,-,-,-0.2999423,101.0308529,469.0456558,2,Belum,Belum,Belum,Firga,4/29/2021 0:00,200000,7031.454285,-,-,media/1.889.jpg,media/2.889.jpg,media/3.889.jpg,media/4.889.jpg,adopsipohonriau/889
973,TBK0061,Kasai,Pometia pinnata,Pohon Tua,icon/mature_tree.svg,Least Concern,66,20,Hutan Adat Imbo Bukik Kojan,-,-,-0.3000058,101.0303232,472.4007397,2,Belum,Belum,Belum,Firga,5/1/2021 0:00,200000,11721.93199,-,-,media/1.973.jpg,media/2.973.jpg,media/3.973.jpg,media/4.973.jpg,adopsipohonriau/973
891,TBK0162,Meranti,Shorea sp.,Pohon Tua,icon/mature_tree.svg,Not Defined,64,15,Hutan Adat Imbo Bukik Kojan,-,-,-0.2999555,101.0305856,422.2725713,2,Belum,Belum,Belum,Ramlan,4/29/2021 0:00,200000,5484.163931,-,-,media/1.891.jpg,media/2.891.jpg,media/3.891.jpg,media/4.891.jpg,adopsipohonriau/891
892,TBK0163,Kelat,Syzygium sp.,Pohon Tua,icon/mature_tree.svg,Not Defined,117,15,Hutan Adat Imbo Bukik Kojan,-,-,-0.3002687,101.030656,469.7694718,2,Belum,Belum,Belum,Eka Saputra,4/29/2021 0:00,200000,8865.827111,-,-,media/1.892.jpg,media/2.892.jpg,media/3.892.jpg,media/4.892.jpg,adopsipohonriau/892
893,TBK0164,Kompe,Koompassia malaccensis,Pohon Tua,icon/mature_tree.svg,Least Concern,75,20,Hutan Adat Imbo Bukik Kojan,-,-,-0.3000683,101.0303667,430.4946776,2,Belum,Belum,Belum,Ramlan,4/29/2021 0:00,200000,16527.9303,-,-,media/1.893.jpg,media/2.893.jpg,media/3.893.jpg,media/4.893.jpg,adopsipohonriau/893
894,TBK0165,Konji Labu,Dialium sp.,Pohon Tua,icon/mature_tree.svg,Not Defined,72,30,Hutan Adat Imbo Bukik Kojan,-,-,-0.3003561,101.0303146,458.3914828,2,Belum,Belum,Belum,Ramlan,4/29/2021 0:00,200000,11247.83076,-,-,media/1.894.jpg,media/2.894.jpg,media/3.894.jpg,media/4.894.jpg,adopsipohonriau/894
895,TBK0166,Meranti Pirang,Shorea leprosula,Pohon Tua,icon/mature_tree.svg,Near Threatened,60,20,Hutan Adat Imbo Bukik Kojan,-,-,-0.3003471,101.0301322,441.5064939,2,Belum,Belum,Belum,Eka Saputra,4/29/2021 0:00,200000,20980.65632,-,-,media/1.895.jpg,media/2.895.jpg,media/3.895.jpg,media/4.895.jpg,adopsipohonriau/895
896,TBK0167,Kelat,Syzygium sp.,Pohon Tua,icon/mature_tree.svg,Not Defined,64,15,Hutan Adat Imbo Bukik Kojan,-,-,-0.3005789,101.0300027,476.0435345,2,Belum,Belum,Belum,Ramlan,4/29/2021 0:00,200000,8907.742554,-,-,media/1.896.jpg,media/2.896.jpg,media/3.896.jpg,media/4.896.jpg,adopsipohonriau/896
897,TBK0168,Modang Ungge,Litsea sp.,Pohon Tua,icon/mature_tree.svg,Not Defined,140,30,Hutan Adat Imbo Bukik Kojan,-,-,-0.3009294,101.0301208,480.6352971,2,Belum,Belum,Belum,Eka Saputra,4/29/2021 0:00,200000,7333.119536,-,-,media/1.897.jpg,media/2.897.jpg,media/3.897.jpg,media/4.897.jpg,adopsipohonriau/897
898,TBK0169,Meranti Pirang,Shorea leprosula,Pohon Tua,icon/mature_tree.svg,Near Threatened,71,30,Hutan Adat Imbo Bukik Kojan,-,-,-0.3007822,101.0303251,455.8451111,2,Belum,Belum,Belum,Firga,4/29/2021 0:00,200000,15959.18715,-,-,media/1.898.jpg,media/2.898.jpg,media/3.898.jpg,media/4.898.jpg,adopsipohonriau/898
899,TBK0170,Meranti Pirang,Shorea leprosula,Pohon Tua,icon/mature_tree.svg,Near Threatened,82,30,Hutan Adat Imbo Bukik Kojan,-,-,-0.3009305,101.0302437,438.0450354,2,Belum,Belum,Belum,Ramlan,4/29/2021 0:00,200000,14613.07834,-,-,media/1.899.jpg,media/2.899.jpg,media/3.899.jpg,media/4.899.jpg,adopsipohonriau/899
900,TBK0171,Mempening,Lithocarpus bennettii,Pohon Tua,icon/mature_tree.svg,Not Defined,78,30,Hutan Adat Imbo Bukik Kojan,-,-,-0.3009511,101.0303073,446.3934108,2,Belum,Belum,Belum,Ramlan,4/29/2021 0:00,200000,5912.582488,-,-,media/1.900.jpg,media/2.900.jpg,media/3.900.jpg,media/4.900.jpg,adopsipohonriau/900
901,TBK0172,Kasai,Pometia pinnata,Pohon Tua,icon/mature_tree.svg,Least Concern,92,30,Hutan Adat Imbo Bukik Kojan,-,-,-0.3010035,101.0303918,445.7904638,2,Belum,Belum,Belum,Eka Saputra,4/29/2021 0:00,200000,7399.967271,-,-,media/1.901.jpg,media/2.901.jpg,media/3.901.jpg,media/4.901.jpg,adopsipohonriau/901
902,TBK0173,Agho,Ficus sp.,Pohon Tua,icon/mature_tree.svg,Not Defined,85,20,Hutan Adat Imbo Bukik Kojan,-,-,-0.3011513,101.0301964,446.2830858,2,Belum,Belum,Belum,Ramlan,4/29/2021 0:00,200000,215026.5798,-,-,media/1.902.jpg,media/2.902.jpg,media/3.902.jpg,media/4.902.jpg,adopsipohonriau/902
903,TBK0174,Modang Kaladi,Litsea sp.,Pohon Tua,icon/mature_tree.svg,Not Defined,73,20,Hutan Adat Imbo Bukik Kojan,-,-,-0.3012025,101.0299673,388.5625684,2,Belum,Belum,Belum,Eka Saputra,4/29/2021 0:00,200000,4787.107045,-,-,media/1.903.jpg,media/2.903.jpg,media/3.903.jpg,media/4.903.jpg,adopsipohonriau/903
904,TBK0175,Meranti Pirang,Shorea leprosula,Pohon Tua,icon/mature_tree.svg,Near Threatened,60,25,Hutan Adat Imbo Bukik Kojan,-,-,-0.3013976,101.0304159,477.5399961,2,Belum,Belum,Belum,Ramlan,4/29/2021 0:00,200000,11790.10842,-,-,media/1.904.jpg,media/2.904.jpg,media/3.904.jpg,media/4.904.jpg,adopsipohonriau/904
905,TBK0176,Konji,Dialium indum,Pohon Tua,icon/mature_tree.svg,Not Evaluated,90,20,Hutan Adat Imbo Bukik Kojan,-,-,-0.3013029,101.0303213,438.757007,2,Belum,Belum,Belum,Firga,4/29/2021 0:00,200000,10667.22956,-,-,media/1.905.jpg,media/2.905.jpg,media/3.905.jpg,media/4.905.jpg,adopsipohonriau/905
906,TBK0177,Bumbuang,Pertusadina sp.,Pohon Tua,icon/mature_tree.svg,Not Defined,128,30,Hutan Adat Imbo Bukik Kojan,-,-,-0.3014473,101.0305049,418.1146997,2,Belum,Belum,Belum,Ramlan,4/29/2021 0:00,200000,33419.7007,-,-,media/1.906.jpg,media/2.906.jpg,media/3.906.jpg,media/4.906.jpg,adopsipohonriau/906
907,TBK0178,Toghok Situngkagh,Artocarpus sp.,Pohon Tua,icon/mature_tree.svg,Not Defined,60,20,Hutan Adat Imbo Bukik Kojan,-,-,-0.3015895,101.0306164,424.4271395,2,Belum,Belum,Belum,Eka Saputra,4/29/2021 0:00,200000,10951.45673,-,-,media/1.907.jpg,media/2.907.jpg,media/3.907.jpg,media/4.907.jpg,adopsipohonriau/907
908,TBK0179,Meranti Anak,Shorea sp.,Pohon Tua,icon/mature_tree.svg,Not Defined,52,15,Hutan Adat Imbo Bukik Kojan,-,-,-0.3004427,101.0332981,361.6288949,2,Belum,Belum,Belum,Firga,4/29/2021 0:00,200000,9090.506282,-,-,media/1.908.jpg,media/2.908.jpg,media/3.908.jpg,media/4.908.jpg,adopsipohonriau/908
909,TBK0180,Bumbuang,Pertusadina sp.,Pohon Tua,icon/mature_tree.svg,Not Defined,66,25,Hutan Adat Imbo Bukik Kojan,-,-,-0.3001422,101.0331767,382.5113583,2,Belum,Belum,Belum,Ramlan,4/29/2021 0:00,200000,43049.78337,-,-,media/1.909.jpg,media/2.909.jpg,media/3.909.jpg,media/4.909.jpg,adopsipohonriau/909
910,TBK0181,Kelat,Syzygium sp.,Pohon Tua,icon/mature_tree.svg,Not Defined,89,15,Hutan Adat Imbo Bukik Kojan,-,-,-0.3001621,101.0330849,380.4783345,2,Belum,Belum,Belum,Eka Saputra,4/29/2021 0:00,200000,12869.20593,-,-,media/1.910.jpg,media/2.910.jpg,media/3.910.jpg,media/4.910.jpg,adopsipohonriau/910
911,TBK0182,Meranti Pirang,Shorea leprosula,Pohon Tua,icon/mature_tree.svg,Near Threatened,82,15,Hutan Adat Imbo Bukik Kojan,-,-,-0.3002808,101.0330765,378.5325713,2,Belum,Belum,Belum,Ramlan,4/29/2021 0:00,200000,12818.49291,-,-,media/1.911.jpg,media/2.911.jpg,media/3.911.jpg,media/4.911.jpg,adopsipohonriau/911
912,TBK0183,Meranti Pirang,Shorea leprosula,Pohon Tua,icon/mature_tree.svg,Near Threatened,74,20,Hutan Adat Imbo Bukik Kojan,-,-,-0.3004596,101.0331158,381.4920152,2,Belum,Belum,Belum,Firga,4/29/2021 0:00,200000,27093.41552,-,-,media/1.912.jpg,media/2.912.jpg,media/3.912.jpg,media/4.912.jpg,adopsipohonriau/912
913,TBK0184,Lalan,Santiria laevigata,Pohon Tua,icon/mature_tree.svg,Least Concern,63,30,Hutan Adat Imbo Bukik Kojan,-,-,-0.300354,101.0331001,383.163657,2,Belum,Belum,Belum,Eka Saputra,4/29/2021 0:00,200000,47878.1468,-,-,media/1.913.jpg,media/2.913.jpg,media/3.913.jpg,media/4.913.jpg,adopsipohonriau/913
914,TBK0185,Bumbuang,Pertusadina sp.,Pohon Tua,icon/mature_tree.svg,Not Defined,66,15,Hutan Adat Imbo Bukik Kojan,-,-,-0.3005699,101.0331836,382.5181713,2,Belum,Belum,Belum,Ramlan,4/29/2021 0:00,200000,31679.2778,-,-,media/1.914.jpg,media/2.914.jpg,media/3.914.jpg,media/4.914.jpg,adopsipohonriau/914
915,TBK0186,Karunduang Pogam,Dacryodes rostrata,Pohon Tua,icon/mature_tree.svg,Least Concern,114,25,Hutan Adat Imbo Bukik Kojan,-,-,-0.3006954,101.0325738,382.0973763,2,Belum,Belum,Belum,Ramlan,4/29/2021 0:00,200000,9295.629763,-,-,media/1.915.jpg,media/2.915.jpg,media/3.915.jpg,media/4.915.jpg,adopsipohonriau/915
916,TBK0087,Meranti Pirang,Shorea leprosula,Pohon Tua,icon/mature_tree.svg,Near Threatened,75,25,Hutan Adat Imbo Bukik Kojan,-,-,-0.3003859,101.0327504,383.1868601,2,Belum,Belum,Belum,Ramlan,4/29/2021 0:00,200000,12228.23906,-,-,media/1.916.jpg,media/2.916.jpg,media/3.916.jpg,media/4.916.jpg,adopsipohonriau/916
917,TBK0188,Karunduang,Dacryodes rostrata,Pohon Tua,icon/mature_tree.svg,Least Concern,63,15,Hutan Adat Imbo Bukik Kojan,-,-,-0.3002213,101.0328021,382.7427175,2,Belum,Belum,Belum,Ramlan,4/29/2021 0:00,200000,16194.4427,-,-,media/1.917.jpg,media/2.917.jpg,media/3.917.jpg,media/4.917.jpg,adopsipohonriau/917
918,TBK0189,Meranti Pirang,Shorea leprosula,Pohon Tua,icon/mature_tree.svg,Near Threatened,67,15,Hutan Adat Imbo Bukik Kojan,-,-,-0.3002478,101.0329783,386.7102931,2,Belum,Belum,Belum,Ramlan,4/29/2021 0:00,200000,7905.83845,-,-,media/1.918.jpg,media/2.918.jpg,media/3.918.jpg,media/4.918.jpg,adopsipohonriau/918
919,TBK0190,Konji,Dialium indum,Pohon Tua,icon/mature_tree.svg,Not Evaluated,71,20,Hutan Adat Imbo Bukik Kojan,-,-,-0.3001385,101.0328066,385.4336637,2,Belum,Belum,Belum,Ramlan,4/29/2021 0:00,200000,20281.30602,-,-,media/1.919.jpg,media/2.919.jpg,media/3.919.jpg,media/4.919.jpg,adopsipohonriau/919
920,TBK0191,Mempening,Lithocarpus bennettii,Pohon Tua,icon/mature_tree.svg,Not Defined,124,20,Hutan Adat Imbo Bukik Kojan,-,-,-0.3000227,101.0329189,388.9726664,2,Belum,Belum,Belum,Ramlan,4/29/2021 0:00,200000,9183.198183,-,-,media/1.920.jpg,media/2.920.jpg,media/3.920.jpg,media/4.920.jpg,adopsipohonriau/920
921,TBK0192,Meranti Pirang,Shorea leprosula,Pohon Tua,icon/mature_tree.svg,Near Threatened,125,15,Hutan Adat Imbo Bukik Kojan,-,-,-0.300138,101.0328506,389.2938054,2,Belum,Belum,Belum,Ramlan,4/29/2021 0:00,200000,12121.81344,-,-,media/1.921.jpg,media/2.921.jpg,media/3.921.jpg,media/4.921.jpg,adopsipohonriau/921
922,TBK0193,Lalan,Santiria laevigata,Pohon Tua,icon/mature_tree.svg,Least Concern,87,20,Hutan Adat Imbo Bukik Kojan,-,-,-0.3002021,101.0324575,382.8490778,2,Belum,Belum,Belum,Ramlan,4/29/2021 0:00,200000,9525.443319,-,-,media/1.922.jpg,media/2.922.jpg,media/3.922.jpg,media/4.922.jpg,adopsipohonriau/922
923,TBK0194,Meranti Anak,Shorea sp.,Pohon Tua,icon/mature_tree.svg,Not Defined,66,20,Hutan Adat Imbo Bukik Kojan,-,-,-0.3001431,101.0324965,379.1175541,2,Belum,Belum,Belum,Ramlan,4/29/2021 0:00,200000,74842.07292,-,-,media/1.923.jpg,media/2.923.jpg,media/3.923.jpg,media/4.923.jpg,adopsipohonriau/923
924,TBK0195,Kanidai,Bridelia sp.,Pohon Tua,icon/mature_tree.svg,Not Defined,63,15,Hutan Adat Imbo Bukik Kojan,-,-,-0.3000319,101.0322374,380.9679934,2,Belum,Belum,Belum,Naser,5/1/2021 0:00,200000,4034.999777,-,-,media/1.924.jpg,media/2.924.jpg,media/3.924.jpg,media/4.924.jpg,adopsipohonriau/924
925,TBK0196,Pulai,Alstonia scholaris,Pohon Tua,icon/mature_tree.svg,Least Concern,73,20,Hutan Adat Imbo Bukik Kojan,-,-,-0.2997903,101.0322697,383.549766,2,Belum,Belum,Belum,Ramlan,5/1/2021 0:00,200000,4969.144584,-,-,media/1.925.jpg,media/2.925.jpg,media/3.925.jpg,media/4.925.jpg,adopsipohonriau/925
926,TBK0197,Toghok,Artocarpus elasticus,Pohon Tua,icon/mature_tree.svg,Least Concern,70,20,Hutan Adat Imbo Bukik Kojan,-,-,-0.2999497,101.0323549,426.1682118,2,Belum,Belum,Belum,Naser,5/1/2021 0:00,200000,4764.348,-,-,media/1.926.jpg,media/2.926.jpg,media/3.926.jpg,media/4.926.jpg,adopsipohonriau/926
927,TBK0198,Meranti Pirang,Shorea leprosula,Pohon Tua,icon/mature_tree.svg,Near Threatened,63,30,Hutan Adat Imbo Bukik Kojan,-,-,-0.2999603,101.0328739,425.2599238,2,Belum,Belum,Belum,Ramlan,5/1/2021 0:00,200000,9520.006115,-,-,media/1.927.jpg,media/2.927.jpg,media/3.927.jpg,media/4.927.jpg,adopsipohonriau/927
928,TBK0199,Mempening,Lithocarpus bennettii,Pohon Tua,icon/mature_tree.svg,Not Defined,77,15,Hutan Adat Imbo Bukik Kojan,-,-,-0.3000054,101.0325062,425.6107701,2,Belum,Belum,Belum,Naser,5/1/2021 0:00,200000,7386.008179,-,-,media/1.928.jpg,media/2.928.jpg,media/3.928.jpg,media/4.928.jpg,adopsipohonriau/928
929,TBK0200,Darah Darah,Myristica sp.,Pohon Tua,icon/mature_tree.svg,Near Threatened,93,30,Hutan Adat Imbo Bukik Kojan,-,-,-0.2999567,101.0325265,424.9035309,2,Belum,Belum,Belum,Ramlan,5/1/2021 0:00,200000,7275.951949,-,-,media/1.929.jpg,media/2.929.jpg,media/3.929.jpg,media/4.929.jpg,adopsipohonriau/929
930,TBK0201,Bunggang,Cratoxylum arborescens,Pohon Tua,icon/mature_tree.svg,Least Concern,66,15,Hutan Adat Imbo Bukik Kojan,-,-,-0.2997876,101.0327511,423.8896456,2,Belum,Belum,Belum,Naser,5/1/2021 0:00,200000,3909.549615,-,-,media/1.930.jpg,media/2.930.jpg,media/3.930.jpg,media/4.930.jpg,adopsipohonriau/930
931,TBK0212,Bumbuang,Pertusadina sp.,Pohon Tua,icon/mature_tree.svg,Not Defined,60,15,Hutan Adat Imbo Bukik Kojan,-,-,-0.2998881,101.0325076,423.6271135,2,Belum,Belum,Belum,Ramlan,5/1/2021 0:00,200000,49694.78333,-,-,media/1.931.jpg,media/2.931.jpg,media/3.931.jpg,media/4.931.jpg,adopsipohonriau/931
932,TBK0202,Modang Kaladi,Litsea sp.,Pohon Tua,icon/mature_tree.svg,Not Defined,98,35,Hutan Adat Imbo Bukik Kojan,-,-,-0.2994681,101.0321279,335.3529275,2,Belum,Belum,Belum,Naser,5/1/2021 0:00,200000,7935.07036,-,-,media/1.932.jpg,media/2.932.jpg,media/3.932.jpg,media/4.932.jpg,adopsipohonriau/932
933,TBK0203,Meranti Bunga,Shorea parvifolia,Pohon Tua,icon/mature_tree.svg,Least Concern,63,15,Hutan Adat Imbo Bukik Kojan,-,-,-0.2995864,101.0324483,383.7748076,2,Belum,Belum,Belum,Ramlan,5/1/2021 0:00,200000,19973.62979,-,-,media/1.933.jpg,media/2.933.jpg,media/3.933.jpg,media/4.933.jpg,adopsipohonriau/933
934,TBK0204,Modang Bukik,Litsea sp.,Pohon Tua,icon/mature_tree.svg,Not Defined,136,35,Hutan Adat Imbo Bukik Kojan,-,-,-0.2995167,101.0321169,405.2378128,2,Belum,Belum,Belum,Naser,5/1/2021 0:00,200000,6382.144152,-,-,media/1.934.jpg,media/2.934.jpg,media/3.934.jpg,media/4.934.jpg,adopsipohonriau/934
935,TBK0205,Tughiang,-,Pohon Tua,icon/mature_tree.svg,Not Defined,125,35,Hutan Adat Imbo Bukik Kojan,-,-,-0.2994641,101.0319812,407.5601391,2,Belum,Belum,Belum,Ramlan,5/1/2021 0:00,200000,9469.985999,-,-,media/1.935.jpg,media/2.935.jpg,media/3.935.jpg,media/4.935.jpg,adopsipohonriau/935
936,TBK0206,Katawak,-,Pohon Tua,icon/mature_tree.svg,Not Defined,76,25,Hutan Adat Imbo Bukik Kojan,-,-,-0.2995589,101.0318953,405.3952786,2,Belum,Belum,Belum,Naser,5/1/2021 0:00,200000,20506.52241,-,-,media/1.936.jpg,media/2.936.jpg,media/3.936.jpg,media/4.936.jpg,adopsipohonriau/936
937,TBK0207,Bunggang,Cratoxylum arborescens,Pohon Tua,icon/mature_tree.svg,Least Concern,87,25,Hutan Adat Imbo Bukik Kojan,-,-,-0.2999015,101.0320899,446.2584815,2,Belum,Belum,Belum,Ramlan,5/1/2021 0:00,200000,5051.302341,-,-,media/1.937.jpg,media/2.937.jpg,media/3.937.jpg,media/4.937.jpg,adopsipohonriau/937
938,TBK0208,Modang Kaladi,Litsea sp.,Pohon Tua,icon/mature_tree.svg,Not Defined,175,20,Hutan Adat Imbo Bukik Kojan,-,-,-0.2995993,101.0319699,420.1645241,2,Belum,Belum,Belum,Naser,5/1/2021 0:00,200000,13269.69792,-,-,media/1.938.jpg,media/2.938.jpg,media/3.938.jpg,media/4.938.jpg,adopsipohonriau/938
939,TBK0209,Karunduang Pogam,Dacryodes rostrata,Pohon Tua,icon/mature_tree.svg,Least Concern,63,30,Hutan Adat Imbo Bukik Kojan,-,-,-0.2995519,101.0318133,418.7780219,2,Belum,Belum,Belum,Ramlan,5/1/2021 0:00,200000,3559.24224,-,-,media/1.939.jpg,media/2.939.jpg,media/3.939.jpg,media/4.939.jpg,adopsipohonriau/939
940,TBK0210,Meranti Pirang,Shorea leprosula,Pohon Tua,icon/mature_tree.svg,Near Threatened,77,20,Hutan Adat Imbo Bukik Kojan,-,-,-0.2997645,101.0319031,463.4144401,2,Belum,Belum,Belum,Ramlan,5/1/2021 0:00,200000,20045.94384,-,-,media/1.940.jpg,media/2.940.jpg,media/3.940.jpg,media/4.940.jpg,adopsipohonriau/940
941,TBK0211,Kanidai,Bridelia sp.,Pohon Tua,icon/mature_tree.svg,Not Defined,82,30,Hutan Adat Imbo Bukik Kojan,-,-,-0.2999714,101.0320648,462.8357403,2,Belum,Belum,Belum, Naser,5/1/2021 0:00,200000,7123.23369,-,-,media/1.941.jpg,media/2.941.jpg,media/3.941.jpg,media/4.941.jpg,adopsipohonriau/941
942,TBK0213,Toghok,Artocarpus elasticus,Pohon Tua,icon/mature_tree.svg,Least Concern,64,25,Hutan Adat Imbo Bukik Kojan,-,-,-0.2996535,101.0317164,460.4126293,2,Belum,Belum,Belum,Ramlan,5/1/2021 0:00,200000,5831.788614,-,-,media/1.942.jpg,media/2.942.jpg,media/3.942.jpg,media/4.942.jpg,adopsipohonriau/942
943,TBK0214,Bunggang,Cratoxylum arborescens,Pohon Tua,icon/mature_tree.svg,Least Concern,119,15,Hutan Adat Imbo Bukik Kojan,-,-,-0.3016831,101.0313141,390.2164893,2,Belum,Belum,Belum,Naser,5/1/2021 0:00,200000,4300.195901,-,-,media/1.943.jpg,media/2.943.jpg,media/3.943.jpg,media/4.943.jpg,adopsipohonriau/943
944,TBK0215,Katawak,-,Pohon Tua,icon/mature_tree.svg,Not Defined,178,15,Hutan Adat Imbo Bukik Kojan,-,-,-0.3012169,101.0314709,386.9216846,2,Belum,Belum,Belum,Ramlan,5/1/2021 0:00,200000,20506.52241,-,-,media/1.944.jpg,media/2.944.jpg,media/3.944.jpg,media/4.944.jpg,adopsipohonriau/944
945,TBK0216,Kompe,Koompassia malaccensis,Pohon Tua,icon/mature_tree.svg,Least Concern,86,25,Hutan Adat Imbo Bukik Kojan,-,-,-0.3015626,101.0311371,349.2784,2,Belum,Belum,Belum,Naser,5/1/2021 0:00,200000,10497.78302,-,-,media/1.945.jpg,media/2.945.jpg,media/3.945.jpg,media/4.945.jpg,adopsipohonriau/945
946,TBK0217,Baneo,Shorea leprosula,Pohon Tua,icon/mature_tree.svg,Near Threatened,65,20,Hutan Adat Imbo Bukik Kojan,-,-,-0.3014256,101.0312992,376.1506322,2,Belum,Belum,Belum,Ramlan,5/1/2021 0:00,200000,14371.65335,-,-,media/1.946.jpg,media/2.946.jpg,media/3.946.jpg,media/4.946.jpg,adopsipohonriau/946
947,TBK0218,Tanikek,-,Pohon Tua,icon/mature_tree.svg,Not Defined,127,25,Hutan Adat Imbo Bukik Kojan,-,-,-0.3012018,101.0312301,377.6363434,2,Belum,Belum,Belum,Naser,5/1/2021 0:00,200000,14131.89306,-,-,media/1.947.jpg,media/2.947.jpg,media/3.947.jpg,media/4.947.jpg,adopsipohonriau/947
948,TBK0219,Tanikek,-,Pohon Tua,icon/mature_tree.svg,Not Defined,63,20,Hutan Adat Imbo Bukik Kojan,-,-,-0.3013658,101.0310947,378.6331038,2,Belum,Belum,Belum,Naser,5/1/2021 0:00,200000,11660.29892,-,-,media/1.948.jpg,media/2.948.jpg,media/3.948.jpg,media/4.948.jpg,adopsipohonriau/948
949,TBK0220,Meranti Ambai,Shorea acuminata,Pohon Tua,icon/mature_tree.svg,Least Concern,66,20,Hutan Adat Imbo Bukik Kojan,-,-,-0.3013455,101.0308511,329.4005991,2,Belum,Belum,Belum,Ramlan,5/1/2021 0:00,200000,3844.587839,-,-,media/1.949.jpg,media/2.949.jpg,media/3.949.jpg,media/4.949.jpg,adopsipohonriau/949
950,TBK0221,Bumbuang,Pertusadina sp.,Pohon Tua,icon/mature_tree.svg,Not Defined,131,20,Hutan Adat Imbo Bukik Kojan,-,-,-0.3013597,101.0308311,329.8409468,2,Belum,Belum,Belum,Naser,5/1/2021 0:00,200000,10139.13645,-,-,media/1.950.jpg,media/2.950.jpg,media/3.950.jpg,media/4.950.jpg,adopsipohonriau/950
951,TBK0222,Mempening,Lithocarpus bennettii,Pohon Tua,icon/mature_tree.svg,Not Defined,64,30,Hutan Adat Imbo Bukik Kojan,-,-,-0.3012665,101.0306874,329.144505,2,Belum,Belum,Belum,Ramlan,5/1/2021 0:00,200000,8284.978699,-,-,media/1.951.jpg,media/2.951.jpg,media/3.951.jpg,media/4.951.jpg,adopsipohonriau/951
952,TBK0223,Kompe,Koompassia malaccensis,Pohon Tua,icon/mature_tree.svg,Least Concern,89,25,Hutan Adat Imbo Bukik Kojan,-,-,-0.3021187,101.0306053,369.5925886,2,Belum,Belum,Belum,Firga,5/1/2021 0:00,200000,34410.64382,-,-,media/1.952.jpg,media/2.952.jpg,media/3.952.jpg,media/4.952.jpg,adopsipohonriau/952
953,TBK0224,Mempening,Lithocarpus bennettii,Pohon Tua,icon/mature_tree.svg,Not Defined,89,30,Hutan Adat Imbo Bukik Kojan,-,-,-0.3022025,101.0306112,429.6575495,2,Belum,Belum,Belum,Firga,5/1/2021 0:00,200000,8992.205949,-,-,media/1.953.jpg,media/2.953.jpg,media/3.953.jpg,media/4.953.jpg,adopsipohonriau/953
954,TBK0225,Tughiang,-,Pohon Tua,icon/mature_tree.svg,Not Defined,142,30,Hutan Adat Imbo Bukik Kojan,-,-,-0.302427,101.0308069,428.5278273,2,Belum,Belum,Belum,Ramlan,5/1/2021 0:00,200000,8160.137046,-,-,media/1.954.jpg,media/2.954.jpg,media/3.954.jpg,media/4.954.jpg,adopsipohonriau/954
955,TBK0226,Mempening,Lithocarpus bennettii,Pohon Tua,icon/mature_tree.svg,Not Defined,67,30,Hutan Adat Imbo Bukik Kojan,-,-,-0.3023983,101.0309133,428.7962943,2,Belum,Belum,Belum,Firga,5/1/2021 0:00,200000,8284.978699,-,-,media/1.955.jpg,media/2.955.jpg,media/3.955.jpg,media/4.955.jpg,adopsipohonriau/955
956,TBK0227,Mempening,Lithocarpus bennettii,Pohon Tua,icon/mature_tree.svg,Not Defined,76,20,Hutan Adat Imbo Bukik Kojan,-,-,-0.3024362,101.0309142,428.4216584,2,Belum,Belum,Belum,Ramlan,5/1/2021 0:00,200000,14124.52531,-,-,media/1.956.jpg,media/2.956.jpg,media/3.956.jpg,media/4.956.jpg,adopsipohonriau/956
957,TBK0228,Toghok,Artocarpus elasticus,Pohon Tua,icon/mature_tree.svg,Least Concern,90,30,Hutan Adat Imbo Bukik Kojan,-,-,-0.3024371,101.0310246,427.8965494,2,Belum,Belum,Belum,Ramlan,5/1/2021 0:00,200000,9097.967126,-,-,media/1.957.jpg,media/2.957.jpg,media/3.957.jpg,media/4.957.jpg,adopsipohonriau/957
958,TBK0229,Meranti Pirang,Shorea leprosula,Pohon Tua,icon/mature_tree.svg,Near Threatened,134,30,Hutan Adat Imbo Bukik Kojan,-,-,-0.3021982,101.03085,428.0049756,2,Belum,Belum,Belum,Naser,5/1/2021 0:00,200000,33002.8077,-,-,media/1.958.jpg,media/2.958.jpg,media/3.958.jpg,media/4.958.jpg,adopsipohonriau/958
959,TBK0230,Mempening,Lithocarpus bennettii,Pohon Tua,icon/mature_tree.svg,Not Defined,60,20,Hutan Adat Imbo Bukik Kojan,-,-,-0.3024199,101.030837,424.9825152,2,Belum,Belum,Belum,Ramlan,5/1/2021 0:00,200000,12102.79745,-,-,media/1.959.jpg,media/2.959.jpg,media/3.959.jpg,media/4.959.jpg,adopsipohonriau/959
960,TBK0231,Mempening,Lithocarpus bennettii,Pohon Tua,icon/mature_tree.svg,Not Defined,85,30,Hutan Adat Imbo Bukik Kojan,-,-,-0.3026969,101.0309961,426.6037282,2,Belum,Belum,Belum,Firga,5/1/2021 0:00,200000,6744.857437,-,-,media/1.960.jpg,media/2.960.jpg,media/3.960.jpg,media/4.960.jpg,adopsipohonriau/960
961,TBK0232,Karunduang Pogam,Dacryodes rostrata,Pohon Tua,icon/mature_tree.svg,Least Concern,70,30,Hutan Adat Imbo Bukik Kojan,-,-,-0.3025473,101.0310985,425.9387396,2,Belum,Belum,Belum,Ramlan,5/1/2021 0:00,200000,10855.76297,-,-,media/1.961.jpg,media/2.961.jpg,media/3.961.jpg,media/4.961.jpg,adopsipohonriau/961
962,TBK0233,Toghok,Artocarpus elasticus,Pohon Tua,icon/mature_tree.svg,Least Concern,108,35,Hutan Adat Imbo Bukik Kojan,-,-,-0.3021388,101.0311772,423.1256153,2,Belum,Belum,Belum,Ramlan,5/1/2021 0:00,200000,4374.297367,-,-,media/1.962.jpg,media/2.962.jpg,media/3.962.jpg,media/4.962.jpg,adopsipohonriau/962
963,TBK0234,Bumbuang,Pertusadina sp.,Pohon Tua,icon/mature_tree.svg,Not Defined,60,25,Hutan Adat Imbo Bukik Kojan,-,-,-0.3022626,101.0314078,426.1275305,2,Belum,Belum,Belum,Firga,5/1/2021 0:00,200000,16602.88311,-,-,media/1.963.jpg,media/2.963.jpg,media/3.963.jpg,media/4.963.jpg,adopsipohonriau/963
964,TBK0235,Mempening,Lithocarpus bennettii,Pohon Tua,icon/mature_tree.svg,Not Defined,314,30,Hutan Adat Imbo Bukik Kojan,-,-,-0.3021902,101.0312308,424.582643,2,Belum,Belum,Belum,Firga,5/1/2021 0:00,200000,6132.128723,-,-,media/1.964.jpg,media/2.964.jpg,media/3.964.jpg,media/4.964.jpg,adopsipohonriau/964
965,TBK0053,Meranti Pirang,Shorea leprosula,Pohon Tua,icon/mature_tree.svg,Near Threatened,70,25,Hutan Adat Imbo Bukik Kojan,-,-,-0.2989353,101.0311414,496.071369,2,Belum,Belum,Belum,Ramlan,5/1/2021 0:00,200000,25372.63179,-,-,media/1.965.jpg,media/2.965.jpg,media/3.965.jpg,media/4.965.jpg,adopsipohonriau/965
966,TBK0054,Nduak Sonduak,Endospermum sp.,Pohon Tua,icon/mature_tree.svg,Not Defined,63,25,Hutan Adat Imbo Bukik Kojan,-,-,-0.2991398,101.0310511,536.1027814,2,Belum,Belum,Belum,Naser,5/1/2021 0:00,200000,5502.568821,-,-,media/1.966.jpg,media/2.966.jpg,media/3.966.jpg,media/4.966.jpg,adopsipohonriau/966
967,TBK0055,Katapiang,Terminalia catappa,Pohon Tua,icon/mature_tree.svg,Least Concern,66,30,Hutan Adat Imbo Bukik Kojan,-,-,-0.2992693,101.0308444,535.1784071,2,Belum,Belum,Belum,Ramlan ,5/1/2021 0:00,200000,18509.41865,-,-,media/1.967.jpg,media/2.967.jpg,media/3.967.jpg,media/4.967.jpg,adopsipohonriau/967
968,TBK0056,Pulai,Alstonia scholaris,Pohon Tua,icon/mature_tree.svg,Least Concern,105,30,Hutan Adat Imbo Bukik Kojan,-,-,-0.2992725,101.0310633,533.9348917,2,Belum,Belum,Belum,Ramlan,5/1/2021 0:00,200000,7642.959133,-,-,media/1.968.jpg,media/2.968.jpg,media/3.968.jpg,media/4.968.jpg,adopsipohonriau/968
969,TBK0057,Ambai Ungko,Baccaurea macrocarpa,Pohon Tua,icon/mature_tree.svg,Not Defined,71,15,Hutan Adat Imbo Bukik Kojan,-,-,-0.2991926,101.030658,534.4964212,2,Belum,Belum,Belum,Ramlan,5/1/2021 0:00,200000,15476.80026,-,-,media/1.969.jpg,media/2.969.jpg,media/3.969.jpg,media/4.969.jpg,adopsipohonriau/969
970,TBK0058,Mempening,Lithocarpus bennettii,Pohon Tua,icon/mature_tree.svg,Not Defined,61,20,Hutan Adat Imbo Bukik Kojan,-,-,-0.2996728,101.0302621,508.936756,2,Belum,Belum,Belum,Firga,5/1/2021 0:00,200000,8992.205949,-,-,media/1.970.jpg,media/2.970.jpg,media/3.970.jpg,media/4.970.jpg,adopsipohonriau/970
971,TBK0059,Mponiang,Lithocarpus sp.,Pohon Tua,icon/mature_tree.svg,Not Defined,63,25,Hutan Adat Imbo Bukik Kojan,-,-,-0.2997217,101.0303114,510.1965317,2,Belum,Belum,Belum,Ramlan,5/1/2021 0:00,200000,6904.122977,-,-,media/1.971.jpg,media/2.971.jpg,media/3.971.jpg,media/4.971.jpg,adopsipohonriau/971
972,TBK0060,Kasai,Pometia pinnata,Pohon Tua,icon/mature_tree.svg,Least Concern,73,20,Hutan Adat Imbo Bukik Kojan,-,-,-0.300007,101.030665,507.4280291,2,Belum,Belum,Belum,Naser,5/1/2021 0:00,200000,22606.90571,-,-,media/1.972.jpg,media/2.972.jpg,media/3.972.jpg,media/4.972.jpg,adopsipohonriau/972
973,TBK0061,Kasai,Pometia pinnata,Pohon Tua,icon/mature_tree.svg,Least Concern,66,20,Hutan Adat Imbo Bukik Kojan,-,-,-0.3000058,101.0303232,472.4007397,2,Belum,Belum,Belum,Firga,5/1/2021 0:00,200000,11721.93199,-,-,media/1.973.jpg,media/2.973.jpg,media/3.973.jpg,media/4.973.jpg,adopsipohonriau/973
974,TBK0062,Pulai,Alstonia scholaris,Pohon Tua,icon/mature_tree.svg,Least Concern,64,30,Hutan Adat Imbo Bukik Kojan,-,-,-0.2999577,101.0303369,473.5493606,2,Belum,Belum,Belum,Naser,5/1/2021 0:00,200000,8907.199183,-,-,media/1.974.jpg,media/2.974.jpg,media/3.974.jpg,media/4.974.jpg,adopsipohonriau/974
975,TBK0063,Toghok,Artocarpus elasticus,Pohon Tua,icon/mature_tree.svg,Least Concern,64,25,Hutan Adat Imbo Bukik Kojan,-,-,-0.2999409,101.0303092,470.8843444,2,Belum,Belum,Belum,Ramlan,5/1/2021 0:00,200000,29182.90818,-,-,media/1.975.jpg,media/2.975.jpg,media/3.975.jpg,media/4.975.jpg,adopsipohonriau/975
976,TBK0064,Simang Kuak,Scaphium macropodum,Pohon Tua,icon/mature_tree.svg,Least Concern,89,30,Hutan Adat Imbo Bukik Kojan,-,-,-0.300066,101.0300906,472.0673486,2,Belum,Belum,Belum,Aban,5/1/2021 0:00,200000,5520.771395,-,-,media/1.976.jpg,media/2.976.jpg,media/3.976.jpg,media/4.976.jpg,adopsipohonriau/976
977,TBK0065,Meranti Pirang,Shorea leprosula,Pohon Tua,icon/mature_tree.svg,Near Threatened,63,20,Hutan Adat Imbo Bukik Kojan,-,-,-0.2997768,101.0299699,472.5033896,2,Belum,Belum,Belum,Joni,4/29/2021 0:00,200000,5422.611842,-,-,media/1.977.jpg,media/2.977.jpg,media/3.977.jpg,media/4.977.jpg,adopsipohonriau/977
978,TBK0066,Kompe,Koompassia malaccensis,Pohon Tua,icon/mature_tree.svg,Least Concern,85,15,Hutan Adat Imbo Bukik Kojan,-,-,-0.2998455,101.0300864,472.8238633,2,Belum,Belum,Belum,Aban,4/29/2021 0:00,200000,18631.31707,-,-,media/1.978.jpg,media/2.978.jpg,media/3.978.jpg,media/4.978.jpg,adopsipohonriau/978
979,TBK0067,Kompe,Koompassia malaccensis,Pohon Tua,icon/mature_tree.svg,Least Concern,79,25,Hutan Adat Imbo Bukik Kojan,-,-,-0.3001972,101.0298612,445.4712302,2,Belum,Belum,Belum,Aban,4/29/2021 0:00,200000,13293.34573,-,-,media/1.979.jpg,media/2.979.jpg,media/3.979.jpg,media/4.979.jpg,adopsipohonriau/979
980,TBK0068,Meranti Bunga,Shorea parvifolia,Pohon Tua,icon/mature_tree.svg,Least Concern,65,25,Hutan Adat Imbo Bukik Kojan,-,-,-0.3004912,101.0300112,504.4660227,2,Belum,Belum,Belum,Joni,4/29/2021 0:00,200000,7368.994575,-,-,media/1.980.jpg,media/2.980.jpg,media/3.980.jpg,media/4.980.jpg,adopsipohonriau/980
981,TBK0069,Meranti Bunga,Shorea parvifolia,Pohon Tua,icon/mature_tree.svg,Least Concern,130,30,Hutan Adat Imbo Bukik Kojan,-,-,-0.3004151,101.0304292,502.6245469,2,Belum,Belum,Belum,Joni,4/29/2021 0:00,200000,10317.61286,-,-,media/1.981.jpg,media/2.981.jpg,media/3.981.jpg,media/4.981.jpg,adopsipohonriau/981
982,TBK0070,Meranti Pirang,Shorea leprosula,Pohon Tua,icon/mature_tree.svg,Near Threatened,66,25,Hutan Adat Imbo Bukik Kojan,-,-,-0.3007306,101.0303378,501.0786919,2,Belum,Belum,Belum,Joni,4/29/2021 0:00,200000,14609.81837,-,-,media/1.982.jpg,media/2.982.jpg,media/3.982.jpg,media/4.982.jpg,adopsipohonriau/982
983,TBK0071,Konji Batu,Dialium sp.,Pohon Tua,icon/mature_tree.svg,Not Defined,64,30,Hutan Adat Imbo Bukik Kojan,-,-,-0.300319,101.0301322,501.9239927,2,Belum,Belum,Belum,Joni,4/29/2021 0:00,200000,27611.39616,-,-,media/1.983.jpg,media/2.983.jpg,media/3.983.jpg,media/4.983.jpg,adopsipohonriau/983
984,TBK0072,Situngkagh,-,Pohon Tua,icon/mature_tree.svg,Not Defined,113,30,Hutan Adat Imbo Bukik Kojan,-,-,-0.3003831,101.0306552,500.5606526,2,Belum,Belum,Belum,Joni,4/29/2021 0:00,200000,17884.83116,-,-,media/1.984.jpg,media/2.984.jpg,media/3.984.jpg,media/4.984.jpg,adopsipohonriau/984
985,TBK0073,Bumbuang,Pertusadina sp.,Pohon Tua,icon/mature_tree.svg,Not Defined,100,35,Hutan Adat Imbo Bukik Kojan,-,-,-0.3004336,101.0305846,500.4958095,2,Belum,Belum,Belum,Joni,4/29/2021 0:00,200000,14748.17644,-,-,media/1.985.jpg,media/2.985.jpg,media/3.985.jpg,media/4.985.jpg,adopsipohonriau/985
986,TBK0074,Upi,-,Pohon Tua,icon/mature_tree.svg,Not Defined,68,15,Hutan Adat Imbo Bukik Kojan,-,-,-0.3005256,101.0303995,476.8413904,2,Belum,Belum,Belum,Joni,4/29/2021 0:00,200000,7850.947767,-,-,media/1.986.jpg,media/2.986.jpg,media/3.986.jpg,media/4.986.jpg,adopsipohonriau/986
987,TBK0075,Meranti Ambai,-,Pohon Tua,icon/mature_tree.svg,Not Defined,65,20,Hutan Adat Imbo Bukik Kojan,-,-,-0.3007406,101.0304563,478.3685279,2,Belum,Belum,Belum,Ramlan,4/29/2021 0:00,200000,7850.947767,-,-,media/1.987.jpg,media/2.987.jpg,media/3.987.jpg,media/4.987.jpg,adopsipohonriau/987
988,TBK0076,Konji Batu,Dialium sp.,Pohon Tua,icon/mature_tree.svg,Not Defined,312,40,Hutan Adat Imbo Bukik Kojan,-,-,-0.3010575,101.030551,449.4132724,2,Belum,Belum,Belum,Joni,4/29/2021 0:00,200000,6628.279759,-,-,media/1.988.jpg,media/2.988.jpg,media/3.988.jpg,media/4.988.jpg,adopsipohonriau/988
989,TBK0077,Bumbuang,Pertusadina sp.,Pohon Tua,icon/mature_tree.svg,Not Defined,63,20,Hutan Adat Imbo Bukik Kojan,-,-,-0.3008729,101.0306519,450.8666781,2,Belum,Belum,Belum,Aban,4/29/2021 0:00,200000,18828.92944,-,-,media/1.989.jpg,media/2.989.jpg,media/3.989.jpg,media/4.989.jpg,adopsipohonriau/989
990,TBK0078,Kelat Merah,Syzygium sp.,Pohon Tua,icon/mature_tree.svg,Not Defined,106,25,Hutan Adat Imbo Bukik Kojan,-,-,-0.3010657,101.0304205,447.4956734,2,Belum,Belum,Belum,Aban,4/29/2021 0:00,200000,9195.033336,-,-,media/1.990.jpg,media/2.990.jpg,media/3.990.jpg,media/4.990.jpg,adopsipohonriau/990
991,TBK0079,Meranti,Shorea sp.,Pohon Tua,icon/mature_tree.svg,Not Defined,65,25,Hutan Adat Imbo Bukik Kojan,-,-,-0.3012771,101.0304854,446.8761446,2,Belum,Belum,Belum,Joni,4/29/2021 0:00,200000,10572.45335,-,-,media/1.991.jpg,media/2.991.jpg,media/3.991.jpg,media/4.991.jpg,adopsipohonriau/991
992,TBK0080,Modang Kaladi,Litsea sp.,Pohon Tua,icon/mature_tree.svg,Not Defined,111,30,Hutan Adat Imbo Bukik Kojan,-,-,-0.3014974,101.0305454,447.0033582,2,Belum,Belum,Belum,Aban,4/29/2021 0:00,200000,4352.227884,-,-,media/1.992.jpg,media/2.992.jpg,media/3.992.jpg,media/4.992.jpg,adopsipohonriau/992
993,TBK0081,Lalan,Santiria laevigata,Pohon Tua,icon/mature_tree.svg,Least Concern,76,25,Hutan Adat Imbo Bukik Kojan,-,-,-0.3013532,101.0305533,447.2797095,2,Belum,Belum,Belum,Joni,4/29/2021 0:00,200000,4065.480258,-,-,media/1.993.jpg,media/2.993.jpg,media/3.993.jpg,media/4.993.jpg,adopsipohonriau/993
994,TBK0082,Meranti,Shorea sp.,Pohon Tua,icon/mature_tree.svg,Not Defined,73,25,Hutan Adat Imbo Bukik Kojan,-,-,-0.3014099,101.0303207,448.0108631,2,Belum,Belum,Belum,Aban,4/29/2021 0:00,200000,38717.26492,-,-,media/1.994.jpg,media/2.994.jpg,media/3.994.jpg,media/4.994.jpg,adopsipohonriau/994
995,TBK0083,Meranti Pirang,Shorea leprosula,Pohon Tua,icon/mature_tree.svg,Near Threatened,117,35,Hutan Adat Imbo Bukik Kojan,-,-,-0.3013567,101.0304472,448.8305493,2,Belum,Belum,Belum,Elvi,4/29/2021 0:00,200000,6442.55215,-,-,media/1.995.jpg,media/2.995.jpg,media/3.995.jpg,media/4.995.jpg,adopsipohonriau/995
996,TBK0084,Bumbuang,Pertusadina sp.,Pohon Tua,icon/mature_tree.svg,Not Defined,63,40,Hutan Adat Imbo Bukik Kojan,-,-,-0.301449,101.0304063,448.3129346,2,Belum,Belum,Belum,Aban,4/29/2021 0:00,200000,18505.32605,-,-,media/1.996.jpg,media/2.996.jpg,media/3.996.jpg,media/4.996.jpg,adopsipohonriau/996
997,TBK0085,Meranti Pirang,Shorea leprosula,Pohon Tua,icon/mature_tree.svg,Near Threatened,101,30,Hutan Adat Imbo Bukik Kojan,-,-,-0.3015196,101.0304462,446.7146455,2,Belum,Belum,Belum,Aban,4/29/2021 0:00,200000,7740.523089,-,-,media/1.997.jpg,media/2.997.jpg,media/3.997.jpg,media/4.997.jpg,adopsipohonriau/997
998,TBK0086,Meranti Pirang,Shorea leprosula,Pohon Tua,icon/mature_tree.svg,Near Threatened,121,45,Hutan Adat Imbo Bukik Kojan,-,-,-0.3013901,101.0305451,447.4184961,2,Belum,Belum,Belum,Aban,4/29/2021 0:00,200000,10683.54749,-,-,media/1.998.jpg,media/2.998.jpg,media/3.998.jpg,media/4.998.jpg,adopsipohonriau/998
993,TBK0081,Lalan,Santiria laevigata,Pohon Tua,icon/mature_tree.svg,Least Concern,76,25,Hutan Adat Imbo Bukik Kojan,-,-,-0.3013532,101.0305533,447.2797095,2,Belum,Belum,Belum,Joni,4/29/2021 0:00,200000,4065.480258,-,-,media/1.993.jpg,media/2.993.jpg,media/3.993.jpg,media/4.993.jpg,adopsipohonriau/993
1000,TBK0088,Lalan,Santiria laevigata,Pohon Tua,icon/mature_tree.svg,Least Concern,124,50,Hutan Adat Imbo Bukik Kojan,-,-,-0.3017914,101.030403,446.9190887,2,Belum,Belum,Belum,Joni,4/29/2021 0:00,200000,6959.771433,-,-,media/1.1000.jpg,media/2.1000.jpg,media/3.1000.jpg,media/4.1000.jpg,adopsipohonriau/1000
1001,TBK0089,Kelat Merah,Syzygium sp.,Pohon Tua,icon/mature_tree.svg,Not Defined,108,30,Hutan Adat Imbo Bukik Kojan,-,-,-0.301652,101.0302797,446.8617589,2,Belum,Belum,Belum,Joni,4/29/2021 0:00,200000,7395.527144,-,-,media/1.1001.jpg,media/2.1001.jpg,media/3.1001.jpg,media/4.1001.jpg,adopsipohonriau/1001
1002,TBK0090,Bumbuang,Pertusadina sp.,Pohon Tua,icon/mature_tree.svg,Not Defined,76,25,Hutan Adat Imbo Bukik Kojan,-,-,-0.3013285,101.0302878,447.3895833,2,Belum,Belum,Belum,Joni,4/29/2021 0:00,200000,14939.92479,-,-,media/1.1002.jpg,media/2.1002.jpg,media/3.1002.jpg,media/4.1002.jpg,adopsipohonriau/1002
1003,TBK0091,Pulai,Alstonia scholaris,Pohon Tua,icon/mature_tree.svg,Least Concern,108,25,Hutan Adat Imbo Bukik Kojan,-,-,-0.3014338,101.0299045,448.1979568,2,Belum,Belum,Belum,Joni,4/29/2021 0:00,200000,21631.49961,-,-,media/1.1003.jpg,media/2.1003.jpg,media/3.1003.jpg,media/4.1003.jpg,adopsipohonriau/1003
1004,TBK0092,Lalan,Santiria laevigata,Pohon Tua,icon/mature_tree.svg,Least Concern,101,25,Hutan Adat Imbo Bukik Kojan,-,-,-0.3016569,101.0299038,447.3916967,2,Belum,Belum,Belum,Joni,4/29/2021 0:00,200000,4746.133991,-,-,media/1.1004.jpg,media/2.1004.jpg,media/3.1004.jpg,media/4.1004.jpg,adopsipohonriau/1004
1005,TBK0093,Bikang,-,Pohon Tua,icon/mature_tree.svg,Not Defined,73,35,Hutan Adat Imbo Bukik Kojan,-,-,-0.3012764,101.0300376,448.4631317,3,Belum,Belum,Belum,Aban,5/1/2021 0:00,200000,4464.160034,-,-,media/1.1005.jpg,media/2.1005.jpg,media/3.1005.jpg,media/4.1005.jpg,adopsipohonriau/1005
1006,TBK0094,Modang Ungge,Litsea sp.,Pohon Tua,icon/mature_tree.svg,Not Defined,101,20,Hutan Adat Imbo Bukik Kojan,-,-,-0.3014454,101.0304675,413.2438982,3,Belum,Belum,Belum,Joni,5/1/2021 0:00,200000,6517.699318,-,-,media/1.1006.jpg,media/2.1006.jpg,media/3.1006.jpg,media/4.1006.jpg,adopsipohonriau/1006
1007,TBK0095,Osak,Shorea multiflora,Pohon Tua,icon/mature_tree.svg,Least Concern,66,25,Hutan Adat Imbo Bukik Kojan,-,-,-0.3012887,101.0306414,412.3270326,3,Belum,Belum,Belum,Joni,5/1/2021 0:00,200000,8878.752421,-,-,media/1.1007.jpg,media/2.1007.jpg,media/3.1007.jpg,media/4.1007.jpg,adopsipohonriau/1007
1008,TBK0096,Bikang,-,Pohon Tua,icon/mature_tree.svg,Not Defined,85,40,Hutan Adat Imbo Bukik Kojan,-,-,-0.3012644,101.0307705,409.4144937,3,Belum,Belum,Belum,Joni,5/1/2021 0:00,200000,14131.89306,-,-,media/1.1008.jpg,media/2.1008.jpg,media/3.1008.jpg,media/4.1008.jpg,adopsipohonriau/1008
1009,TBK0097,Bumbuang,Pertusadina sp.,Pohon Tua,icon/mature_tree.svg,Not Defined,70,30,Hutan Adat Imbo Bukik Kojan,-,-,-0.3011667,101.030705,412.8333004,3,Belum,Belum,Belum,Joni,5/1/2021 0:00,200000,10195.47231,-,-,media/1.1009.jpg,media/2.1009.jpg,media/3.1009.jpg,media/4.1009.jpg,adopsipohonriau/1009
1010,TBK0098,Kelat Putih,Syzygium sp.,Pohon Tua,icon/mature_tree.svg,Not Defined,152,50,Hutan Adat Imbo Bukik Kojan,-,-,-0.3010317,101.0309417,408.4124757,3,Belum,Belum,Belum,Joni,5/1/2021 0:00,200000,9718.775346,-,-,media/1.1010.jpg,media/2.1010.jpg,media/3.1010.jpg,media/4.1010.jpg,adopsipohonriau/1010
1011,TBK0099,Konji Batu,Dialium sp.,Pohon Tua,icon/mature_tree.svg,Not Defined,63,15,Hutan Adat Imbo Bukik Kojan,-,-,-0.3012408,101.0321849,359.0162102,3,Belum,Belum,Belum,Joni,5/1/2021 0:00,200000,7038.616177,-,-,media/1.1011.jpg,media/2.1011.jpg,media/3.1011.jpg,media/4.1011.jpg,adopsipohonriau/1011
1012,TBK0100,Pulai,Alstonia scholaris,Pohon Tua,icon/mature_tree.svg,Least Concern,66,25,Hutan Adat Imbo Bukik Kojan,-,-,-0.3012159,101.0324189,359.1569089,2,Belum,Belum,Belum,Joni,5/1/2021 0:00,200000,14441.42805,-,-,media/1.1012.jpg,media/2.1012.jpg,media/3.1012.jpg,media/4.1012.jpg,adopsipohonriau/1012
1013,TBK0101,Katawak,-,Pohon Tua,icon/mature_tree.svg,Not Defined,76,15,Hutan Adat Imbo Bukik Kojan,-,-,-0.3011651,101.0321666,356.6395413,3,Belum,Belum,Belum,Jini,4/29/2021 0:00,200000,11276.0318,-,-,media/1.1013.jpg,media/2.1013.jpg,media/3.1013.jpg,media/4.1013.jpg,adopsipohonriau/1013
1014,TBK0102,Konji,-,Pohon Tua,icon/mature_tree.svg,Not Defined,95,25,Hutan Adat Imbo Bukik Kojan,-,-,-0.3012021,101.0321182,356.6690141,2,Belum,Belum,Belum,Ramlan,4/29/2021 0:00,200000,11276.0318,-,-,media/1.1014.jpg,media/2.1014.jpg,media/3.1014.jpg,media/4.1014.jpg,adopsipohonriau/1014
1015,TBK0103,Meranti Pirang,Shorea leprosula,Pohon Tua,icon/mature_tree.svg,Near Threatened,66,20,Hutan Adat Imbo Bukik Kojan,-,-,-0.3011218,101.0322527,358.08335,3,Belum,Belum,Belum,Samsami,5/1/2021 0:00,200000,2593.63658,-,-,media/1.1015.jpg,media/2.1015.jpg,media/3.1015.jpg,media/4.1015.jpg,adopsipohonriau/1015
1016,TBK0104,Konji Labu,Dialium sp.,Pohon Tua,icon/mature_tree.svg,Not Defined,73,25,Hutan Adat Imbo Bukik Kojan,-,-,-0.3006836,101.0317498,408.937973,3,Belum,Belum,Belum,Joni,5/1/2021 0:00,200000,7248.289585,-,-,media/1.1016.jpg,media/2.1016.jpg,media/3.1016.jpg,media/4.1016.jpg,adopsipohonriau/1016
1017,TBK0105,Mutan,Nephelium lapaceum,Pohon Tua,icon/mature_tree.svg,Least Concern,60,20,Hutan Adat Imbo Bukik Kojan,-,-,-0.3006702,101.0318398,406.9437863,3,Belum,Belum,Belum,Sban,5/1/2021 0:00,200000,10348.76856,-,-,media/1.1017.jpg,media/2.1017.jpg,media/3.1017.jpg,media/4.1017.jpg,adopsipohonriau/1017
1018,TBK0106,Kadunduang Pogam,Dacryodes rostrata,Pohon Tua,icon/mature_tree.svg,Least Concern,149,25,Hutan Adat Imbo Bukik Kojan,-,-,-0.3006402,101.0314254,407.3751274,3,Belum,Belum,Belum,Aban,5/1/2021 0:00,200000,19440.41996,-,-,media/1.1018.jpg,media/2.1018.jpg,media/3.1018.jpg,media/4.1018.jpg,adopsipohonriau/1018
1019,TBK0107,Bumbuang,Pertusadina sp.,Pohon Tua,icon/mature_tree.svg,Not Defined,73,25,Hutan Adat Imbo Bukik Kojan,-,-,-0.3005799,101.0316468,407.5659437,3,Belum,Belum,Belum,Aban,5/1/2021 0:00,200000,21423.73419,-,-,media/1.1019.jpg,media/2.1019.jpg,media/3.1019.jpg,media/4.1019.jpg,adopsipohonriau/1019
1020,TBK0108,Modang Kaladi,Litsea sp.,Pohon Tua,icon/mature_tree.svg,Not Defined,105,30,Hutan Adat Imbo Bukik Kojan,-,-,-0.3004776,101.0319569,408.969021,2,Belum,Belum,Belum,Joni,5/1/2021 0:00,200000,8988.805173,-,-,media/1.1020.jpg,media/2.1020.jpg,media/3.1020.jpg,media/4.1020.jpg,adopsipohonriau/1020
1021,TBK0109,Konji Labu,Dialium sp.,Pohon Tua,icon/mature_tree.svg,Not Defined,73,20,Hutan Adat Imbo Bukik Kojan,-,-,-0.3004875,101.0317592,411.9330489,2,Belum,Belum,Belum,Aban,5/1/2021 0:00,200000,9320.248466,-,-,media/1.1021.jpg,media/2.1021.jpg,media/3.1021.jpg,media/4.1021.jpg,adopsipohonriau/1021
1022,TBK0110,Modang Ungge,Litsea sp.,Pohon Tua,icon/mature_tree.svg,Not Defined,70,25,Hutan Adat Imbo Bukik Kojan,-,-,-0.300269,101.0317396,411.1555582,2,Belum,Belum,Belum,Joni,5/1/2021 0:00,200000,3615.205025,-,-,media/1.1022.jpg,media/2.1022.jpg,media/3.1022.jpg,media/4.1022.jpg,adopsipohonriau/1022
1023,TBK0111,Lalan,Santiria laevigata,Pohon Tua,icon/mature_tree.svg,Least Concern,95,40,Hutan Adat Imbo Bukik Kojan,-,-,-0.3003808,101.0317385,409.7819203,2,Belum,Belum,Belum,Joni,5/1/2021 0:00,200000,6959.771433,-,-,media/1.1023.jpg,media/2.1023.jpg,media/3.1023.jpg,media/4.1023.jpg,adopsipohonriau/1023
1024,TBK0112,Meranti Pirang,Shorea leprosula,Pohon Tua,icon/mature_tree.svg,Near Threatened,79,15,Hutan Adat Imbo Bukik Kojan,-,-,-0.3004301,101.0319727,410.1037398,2,Belum,Belum,Belum,Joni,5/1/2021 0:00,200000,4218.596143,-,-,media/1.1024.jpg,media/2.1024.jpg,media/3.1024.jpg,media/4.1024.jpg,adopsipohonriau/1024
1025,TBK0113,Seminai,Madhuca utilis,Pohon Tua,icon/mature_tree.svg,Endangered,95,25,Hutan Adat Imbo Bukik Kojan,-,-,-0.3003411,101.031766,352.0385646,3,Belum,Belum,Belum,Joni,5/1/2021 0:00,200000,13910.8346,-,-,media/1.1025.jpg,media/2.1025.jpg,media/3.1025.jpg,media/4.1025.jpg,adopsipohonriau/1025
1026,TBK0114,Mempening,Lithocarpus bennettii,Pohon Tua,icon/mature_tree.svg,Not Defined,60,15,Hutan Adat Imbo Bukik Kojan,-,-,-0.3003366,101.0316504,351.7730693,2,Belum,Belum,Belum,Joni,5/1/2021 0:00,200000,7536.153064,-,-,media/1.1026.jpg,media/2.1026.jpg,media/3.1026.jpg,media/4.1026.jpg,adopsipohonriau/1026
1027,TBK0115,Meranti Pirang,Shorea leprosula,Pohon Tua,icon/mature_tree.svg,Near Threatened,127,30,Hutan Adat Imbo Bukik Kojan,-,-,-0.2999709,101.0317041,348.6795086,2,Belum,Belum,Belum,Samsami,5/1/2021 0:00,200000,10911.3971,-,-,media/1.1027.jpg,media/2.1027.jpg,media/3.1027.jpg,media/4.1027.jpg,adopsipohonriau/1027
1028,TBK0116,Meranti Pirang,Shorea leprosula,Pohon Tua,icon/mature_tree.svg,Near Threatened,73,20,Hutan Adat Imbo Bukik Kojan,-,-,-0.2998345,101.031592,350.2465,3,Belum,Belum,Belum,Joni,5/1/2021 0:00,200000,2840.181749,-,-,media/1.1028.jpg,media/2.1028.jpg,media/3.1028.jpg,media/4.1028.jpg,adopsipohonriau/1028
1029,TBK0117,Meranti Gombuang,Shorea leprosula,Pohon Tua,icon/mature_tree.svg,Near Threatened,73,20,Hutan Adat Imbo Bukik Kojan,-,-,-0.2999141,101.0317709,350.897972,2,Belum,Belum,Belum,Joni,5/1/2021 0:00,200000,17750.21518,-,-,media/1.1029.jpg,media/2.1029.jpg,media/3.1029.jpg,media/4.1029.jpg,adopsipohonriau/1029
1030,TBK0118,Mempening,Lithocarpus bennettii,Pohon Tua,icon/mature_tree.svg,Not Defined,63,20,Hutan Adat Imbo Bukik Kojan,-,-,-0.2998905,101.0315481,350.5720021,2,Belum,Belum,Belum,Koni,5/1/2021 0:00,200000,5093.690671,-,-,media/1.1030.jpg,media/2.1030.jpg,media/3.1030.jpg,media/4.1030.jpg,adopsipohonriau/1030
1031,TBK0119,Meranti Pirang,Shorea leprosula,Pohon Tua,icon/mature_tree.svg,Near Threatened,95,25,Hutan Adat Imbo Bukik Kojan,-,-,-0.2997253,101.0315258,352.1002741,2,Belum,Belum,Belum,Joni,5/1/2021 0:00,200000,26632.36056,-,-,media/1.1031.jpg,media/2.1031.jpg,media/3.1031.jpg,media/4.1031.jpg,adopsipohonriau/1031
1032,TBK0120,Kughe,-,Pohon Tua,icon/mature_tree.svg,Not Defined,70,20,Hutan Adat Imbo Bukik Kojan,-,-,-0.2996341,101.031335,351.2328865,2,Belum,Belum,Belum,Joni,5/1/2021 0:00,200000,41061.38827,-,-,media/1.1032.jpg,media/2.1032.jpg,media/3.1032.jpg,media/4.1032.jpg,adopsipohonriau/1032
1033,TBK0121,Bumbuang,Pertusadina sp.,Pohon Tua,icon/mature_tree.svg,Not Defined,95,30,Hutan Adat Imbo Bukik Kojan,-,-,-0.2995694,101.0311893,351.1949264,2,Belum,Belum,Belum,Aban,5/1/2021 0:00,200000,13353.62997,-,-,media/1.1033.jpg,media/2.1033.jpg,media/3.1033.jpg,media/4.1033.jpg,adopsipohonriau/1033
1034,TBK0122,Meranti,Shorea sp.,Pohon Tua,icon/mature_tree.svg,Not Defined,82,30,Hutan Adat Imbo Bukik Kojan,-,-,-0.2995045,101.0312783,353.1132077,2,Belum,Belum,Belum,Joni,5/1/2021 0:00,200000,12803.34445,-,-,media/1.1034.jpg,media/2.1034.jpg,media/3.1034.jpg,media/4.1034.jpg,adopsipohonriau/1034
1035,TBK0123,Bumbuang,Pertusadina sp.,Pohon Tua,icon/mature_tree.svg,Not Defined,76,20,Hutan Adat Imbo Bukik Kojan,-,-,-0.2995348,101.0310654,352.0346538,2,Belum,Belum,Belum,Joni,5/1/2021 0:00,200000,54711.33396,-,-,media/1.1035.jpg,media/2.1035.jpg,media/3.1035.jpg,media/4.1035.jpg,adopsipohonriau/1035
1036,TBK0124,Meranti,Shorea sp.,Pohon Tua,icon/mature_tree.svg,Not Defined,60,20,Hutan Adat Imbo Bukik Kojan,-,-,-0.2998204,101.0309212,354.4638554,2,Belum,Belum,Belum,Joni,5/1/2021 0:00,200000,8146.583195,-,-,media/1.1036.jpg,media/2.1036.jpg,media/3.1036.jpg,media/4.1036.jpg,adopsipohonriau/1036
1037,TBK0125,Lalan,Santiria laevigata,Pohon Tua,icon/mature_tree.svg,Least Concern,66,25,Hutan Adat Imbo Bukik Kojan,-,-,-0.2995516,101.0308255,353.3084839,2,Belum,Belum,Belum,Joni,5/1/2021 0:00,200000,7723.580007,-,-,media/1.1037.jpg,media/2.1037.jpg,media/3.1037.jpg,media/4.1037.jpg,adopsipohonriau/1037
1038,TBK0126,Lalan,Santiria laevigata,Pohon Tua,icon/mature_tree.svg,Least Concern,70,20,Hutan Adat Imbo Bukik Kojan,-,-,-0.300061,101.0313934,433.2920731,2,Belum,Belum,Belum,Joni,5/1/2021 0:00,200000,12972.34418,-,-,media/1.1038.jpg,media/2.1038.jpg,media/3.1038.jpg,media/4.1038.jpg,adopsipohonriau/1038
1039,TBK0127,Lalan,Santiria laevigata,Pohon Tua,icon/mature_tree.svg,Least Concern,105,30,Hutan Adat Imbo Bukik Kojan,-,-,-0.300202,101.0312987,432.3803685,2,Belum,Belum,Belum,Samsami,5/1/2021 0:00,200000,3584.26233,-,-,media/1.1039.jpg,media/2.1039.jpg,media/3.1039.jpg,media/4.1039.jpg,adopsipohonriau/1039
1040,TBK0128,Meranti,Shorea sp.,Pohon Tua,icon/mature_tree.svg,Not Defined,73,20,Hutan Adat Imbo Bukik Kojan,-,-,-0.300072,101.0313577,431.1909573,2,Belum,Belum,Belum,Joni,5/1/2021 0:00,200000,7031.454285,-,-,media/1.1040.jpg,media/2.1040.jpg,media/3.1040.jpg,media/4.1040.jpg,adopsipohonriau/1040
1041,TBK0129,Kasai,Pometia pinnata,Pohon Tua,icon/mature_tree.svg,Least Concern,66,25,Hutan Adat Imbo Bukik Kojan,-,-,-0.3003832,101.0313927,432.024553,2,Belum,Belum,Belum,Aban,5/1/2021 0:00,200000,18194.92997,-,-,media/1.1041.jpg,media/2.1041.jpg,media/3.1041.jpg,media/4.1041.jpg,adopsipohonriau/1041
1042,TBK0130,Kasai,Pometia pinnata,Pohon Tua,icon/mature_tree.svg,Least Concern,70,20,Hutan Adat Imbo Bukik Kojan,-,-,-0.3000503,101.0311464,433.1874744,2,Belum,Belum,Belum,Aban,5/1/2021 0:00,200000,39930.29919,-,-,media/1.1042.jpg,media/2.1042.jpg,media/3.1042.jpg,media/4.1042.jpg,adopsipohonriau/1042
1043,TBK0131,Kasai,Pometia pinnata,Pohon Tua,icon/mature_tree.svg,Least Concern,92,20,Hutan Adat Imbo Bukik Kojan,-,-,-0.3003119,101.0313693,435.2762536,2,Belum,Belum,Belum,Aban,5/1/2021 0:00,200000,15890.88469,-,-,media/1.1043.jpg,media/2.1043.jpg,media/3.1043.jpg,media/4.1043.jpg,adopsipohonriau/1043
1044,TBK0132,Kundi,-,Pohon Tua,icon/mature_tree.svg,Not Defined,82,25,Hutan Adat Imbo Bukik Kojan,-,-,-0.3002739,101.0310608,431.8099654,2,Belum,Belum,Belum,Aban,5/1/2021 0:00,200000,7850.947767,-,-,media/1.1044.jpg,media/2.1044.jpg,media/3.1044.jpg,media/4.1044.jpg,adopsipohonriau/1044
1045,TBK0133,Modang Kaladi,Litsea sp.,Pohon Tua,icon/mature_tree.svg,Not Defined,127,50,Hutan Adat Imbo Bukik Kojan,-,-,-0.3003751,101.0313911,432.6088602,2,Belum,Belum,Belum,Aban,5/1/2021 0:00,200000,23386.72572,-,-,media/1.1045.jpg,media/2.1045.jpg,media/3.1045.jpg,media/4.1045.jpg,adopsipohonriau/1045
1046,TBK0134,Kundi,-,Pohon Tua,icon/mature_tree.svg,Not Defined,85,20,Hutan Adat Imbo Bukik Kojan,-,-,-0.3003903,101.0316627,430.4052384,2,Belum,Belum,Belum,Aban,5/1/2021 0:00,200000,7254.089103,-,-,media/1.1046.jpg,media/2.1046.jpg,media/3.1046.jpg,media/4.1046.jpg,adopsipohonriau/1046
1047,TBK0135,Konji Labu,Dialium sp.,Pohon Tua,icon/mature_tree.svg,Not Defined,63,20,Hutan Adat Imbo Bukik Kojan,-,-,-0.300389,101.0315331,425.0559741,2,Belum,Belum,Belum,Aban,5/1/2021 0:00,200000,9320.248466,-,-,media/1.1047.jpg,media/2.1047.jpg,media/3.1047.jpg,media/4.1047.jpg,adopsipohonriau/1047
1048,TBK0136,Konji Labu,Dialium sp.,Pohon Tua,icon/mature_tree.svg,Not Defined,92,20,Hutan Adat Imbo Bukik Kojan,-,-,-0.3004573,101.0314306,425.7843172,2,Belum,Belum,Belum,Aban,5/1/2021 0:00,200000,35529.6801,-,-,media/1.1048.jpg,media/2.1048.jpg,media/3.1048.jpg,media/4.1048.jpg,adopsipohonriau/1048
1049,TBK0137,Meranti,Shorea sp.,Pohon Tua,icon/mature_tree.svg,Not Defined,63,20,Hutan Adat Imbo Bukik Kojan,-,-,-0.3004426,101.0315319,424.6571493,2,Belum,Belum,Belum,Joni,5/1/2021 0:00,200000,8400.904614,-,-,media/1.1049.jpg,media/2.1049.jpg,media/3.1049.jpg,media/4.1049.jpg,adopsipohonriau/1049
1050,TBK0138,Meranti,Shorea sp.,Pohon Tua,icon/mature_tree.svg,Not Defined,95,20,Hutan Adat Imbo Bukik Kojan,-,-,-0.3007331,101.0314728,425.0114673,2,Belum,Belum,Belum,Joni,5/1/2021 0:00,200000,13384.16066,-,-,media/1.1050.jpg,media/2.1050.jpg,media/3.1050.jpg,media/4.1050.jpg,adopsipohonriau/1050
1051,TBK0139,Meranti,Shorea sp.,Pohon Tua,icon/mature_tree.svg,Not Defined,60,20,Hutan Adat Imbo Bukik Kojan,-,-,-0.3010119,101.0317876,425.4074401,2,Belum,Belum,Belum,Joni,5/1/2021 0:00,200000,15990.86797,-,-,media/1.1051.jpg,media/2.1051.jpg,media/3.1051.jpg,media/4.1051.jpg,adopsipohonriau/1051
1052,TBK0140,Meranti,Shorea sp.,Pohon Tua,icon/mature_tree.svg,Not Defined,117,45,Hutan Adat Imbo Bukik Kojan,-,-,-0.300925,101.0315,424.3748547,2,Belum,Belum,Belum,Joni,5/1/2021 0:00,200000,39804.26351,-,-,media/1.1052.jpg,media/2.1052.jpg,media/3.1052.jpg,media/4.1052.jpg,adopsipohonriau/1052
1053,TBK0141,Meranti,Shorea sp.,Pohon Tua,icon/mature_tree.svg,Not Defined,79,20,Hutan Adat Imbo Bukik Kojan,-,-,-0.3012291,101.031684,425.4856826,2,Belum,Belum,Belum,Joni,5/1/2021 0:00,200000,9186.725913,-,-,media/1.1053.jpg,media/2.1053.jpg,media/3.1053.jpg,media/4.1053.jpg,adopsipohonriau/1053
1054,TBK0142,Mpudu,Artocarpus sp.,Pohon Tua,icon/mature_tree.svg,Not Defined,111,25,Hutan Adat Imbo Bukik Kojan,-,-,-0.3013374,101.031932,424.1857336,2,Belum,Belum,Belum,Joni,5/1/2021 0:00,200000,11660.29892,-,-,media/1.1054.jpg,media/2.1054.jpg,media/3.1054.jpg,media/4.1054.jpg,adopsipohonriau/1054
1055,TBK0143,Cang Kawang,Shorea sp.,Pohon Tua,icon/mature_tree.svg,Not Defined,92,20,Hutan Adat Imbo Bukik Kojan,-,-,-0.3012924,101.0318695,425.0267645,2,Belum,Belum,Belum,Joni,5/1/2021 0:00,200000,16343.46446,-,-,media/1.1055.jpg,media/2.1055.jpg,media/3.1055.jpg,media/4.1055.jpg,adopsipohonriau/1055
1056,TBK0144,Bumbuang,Pertusadina sp.,Pohon Tua,icon/mature_tree.svg,Not Defined,85,15,Hutan Adat Imbo Bukik Kojan,-,-,-0.3012375,101.032204,422.0222285,2,Belum,Belum,Belum,Joni,5/1/2021 0:00,200000,48265.92881,-,-,media/1.1056.jpg,media/2.1056.jpg,media/3.1056.jpg,media/4.1056.jpg,adopsipohonriau/1056
1057,TBK0145,Kacang Kacang,Leguminosae sp.,Pohon Tua,icon/mature_tree.svg,Not Defined,73,20,Hutan Adat Imbo Bukik Kojan,-,-,-0.3011882,101.0319529,421.6273561,2,Belum,Belum,Belum,Joni,5/1/2021 0:00,200000,7769.936302,-,-,media/1.1057.jpg,media/2.1057.jpg,media/3.1057.jpg,media/4.1057.jpg,adopsipohonriau/1057
1058,TBK0146,Bumbuang,Pertusadina sp.,Pohon Tua,icon/mature_tree.svg,Not Defined,76,20,Hutan Adat Imbo Bukik Kojan,-,-,-0.3016259,101.0318795,420.3946922,2,Belum,Belum,Belum,Joni,5/1/2021 0:00,200000,19849.87812,-,-,media/1.1058.jpg,media/2.1058.jpg,media/3.1058.jpg,media/4.1058.jpg,adopsipohonriau/1058
1059,TBK0147,Meranti,Shorea sp.,Pohon Tua,icon/mature_tree.svg,Not Defined,133,15,Hutan Adat Imbo Bukik Kojan,-,-,-0.3015889,101.0316032,422.3833763,2,Belum,Belum,Belum,Joni,5/1/2021 0:00,200000,10006.77462,-,-,media/1.1059.jpg,media/2.1059.jpg,media/3.1059.jpg,media/4.1059.jpg,adopsipohonriau/1059
1060,TBK0148,Meranti,Shorea sp.,Pohon Tua,icon/mature_tree.svg,Not Defined,95,15,Hutan Adat Imbo Bukik Kojan,-,-,-0.3014969,101.0316084,420.4974426,2,Belum,Belum,Belum,Joni,5/1/2021 0:00,200000,27117.27103,-,-,media/1.1060.jpg,media/2.1060.jpg,media/3.1060.jpg,media/4.1060.jpg,adopsipohonriau/1060
1061,TBK0149,Meranti,Shorea sp.,Pohon Tua,icon/mature_tree.svg,Not Defined,89,25,Hutan Adat Imbo Bukik Kojan,-,-,-0.3014468,101.032001,419.7933011,2,Belum,Belum,Belum,Joni,5/1/2021 0:00,200000,6199.163475,-,-,media/1.1061.jpg,media/2.1061.jpg,media/3.1061.jpg,media/4.1061.jpg,adopsipohonriau/1061
1062,TBK0150,Agho,Ficus sp.,Pohon Tua,icon/mature_tree.svg,Not Defined,136,30,Hutan Adat Imbo Bukik Kojan,-,-,-0.301553,101.0322228,401.312411,2,Belum,Belum,Belum,Joni,5/1/2021 0:00,200000,164425.3768,-,-,media/1.1062.jpg,media/2.1062.jpg,media/3.1062.jpg,media/4.1062.jpg,adopsipohonriau/1062
1063,TBK0236,Kasai,Pometia pinnata,Pohon Tua,icon/mature_tree.svg,Least Concern,143,20,Hutan Adat Imbo Bukik Kojan,-,-,-0.3012176,101.0312122,405.2987626,2,Belum,Belum,Belum,Ramlan,5/1/2021 0:00,200000,34485.68619,-,-,media/1.1063.jpg,media/2.1063.jpg,media/3.1063.jpg,media/4.1063.jpg,adopsipohonriau/1063
1064,TBK0237,Modang Kaladi,Litsea sp.,Pohon Tua,icon/mature_tree.svg,Not Defined,82,25,Hutan Adat Imbo Bukik Kojan,-,-,-0.3013613,101.0312278,403.2010453,2,Belum,Belum,Belum,Naser,5/1/2021 0:00,200000,9956.557333,-,-,media/1.1064.jpg,media/2.1064.jpg,media/3.1064.jpg,media/4.1064.jpg,adopsipohonriau/1064
1065,TBK0238,Kasai,Pometia pinnata,Pohon Tua,icon/mature_tree.svg,Least Concern,143,25,Hutan Adat Imbo Bukik Kojan,-,-,-0.3014764,101.0313085,404.9890546,2,Belum,Belum,Belum,Naser,5/1/2021 0:00,200000,42876.86705,-,-,media/1.1065.jpg,media/2.1065.jpg,media/3.1065.jpg,media/4.1065.jpg,adopsipohonriau/1065
1066,TBK0239,Toghok,Artocarpus elasticus,Pohon Tua,icon/mature_tree.svg,Least Concern,133,35,Hutan Adat Imbo Bukik Kojan,-,-,-0.301248,101.0312089,403.6396322,2,Belum,Belum,Belum,Eka Saputra,5/1/2021 0:00,200000,32475.74251,-,-,media/1.1066.jpg,media/2.1066.jpg,media/3.1066.jpg,media/4.1066.jpg,adopsipohonriau/1066
1067,TBK0240,Pisang Pisang,Polyaltia lateriflora,Pohon Tua,icon/mature_tree.svg,Not Defined,82,30,Hutan Adat Imbo Bukik Kojan,-,-,-0.3013501,101.0312561,405.0456112,2,Belum,Belum,Belum,Ramlan,5/1/2021 0:00,200000,13310.12883,-,-,media/1.1067.jpg,media/2.1067.jpg,media/3.1067.jpg,media/4.1067.jpg,adopsipohonriau/1067
1068,TBK0241,Kasai,Pometia pinnata,Pohon Tua,icon/mature_tree.svg,Least Concern,108,20,Hutan Adat Imbo Bukik Kojan,-,-,-0.3014368,101.0311579,405.0188568,2,Belum,Belum,Belum,Firga,5/1/2021 0:00,200000,19937.28869,-,-,media/1.1068.jpg,media/2.1068.jpg,media/3.1068.jpg,media/4.1068.jpg,adopsipohonriau/1068
1069,TBK0242,Kasai,Pometia pinnata,Pohon Tua,icon/mature_tree.svg,Least Concern,95,20,Hutan Adat Imbo Bukik Kojan,-,-,-0.3015432,101.031271,405.0109083,2,Belum,Belum,Belum,Ramlan,5/1/2021 0:00,200000,15521.70425,-,-,media/1.1069.jpg,media/2.1069.jpg,media/3.1069.jpg,media/4.1069.jpg,adopsipohonriau/1069
1070,TBK0243,Kasai,Pometia pinnata,Pohon Tua,icon/mature_tree.svg,Least Concern,60,20,Hutan Adat Imbo Bukik Kojan,-,-,-0.3015288,101.0310793,405.2282765,2,Belum,Belum,Belum,Ramlan,5/1/2021 0:00,200000,6329.569421,-,-,media/1.1070.jpg,media/2.1070.jpg,media/3.1070.jpg,media/4.1070.jpg,adopsipohonriau/1070
1071,TBK0244,Modang Kaladi,Litsea sp.,Pohon Tua,icon/mature_tree.svg,Not Defined,66,25,Hutan Adat Imbo Bukik Kojan,-,-,-0.3015892,101.0309856,404.1670991,2,Belum,Belum,Belum,Naser,5/1/2021 0:00,200000,6517.699318,-,-,media/1.1071.jpg,media/2.1071.jpg,media/3.1071.jpg,media/4.1071.jpg,adopsipohonriau/1071
1072,TBK0245,Kubuang,-,Pohon Tua,icon/mature_tree.svg,Not Defined,66,20,Hutan Adat Imbo Bukik Kojan,-,-,-0.3018147,101.0310808,404.4384355,2,Belum,Belum,Belum,Naser,5/1/2021 0:00,200000,8160.137046,-,-,media/1.1072.jpg,media/2.1072.jpg,media/3.1072.jpg,media/4.1072.jpg,adopsipohonriau/1072
1073,TBK0246,Meranti Gombuang,Shorea leprosula,Pohon Tua,icon/mature_tree.svg,Near Threatened,60,15,Hutan Adat Imbo Bukik Kojan,-,-,-0.3018358,101.0313329,403.6183398,2,Belum,Belum,Belum,Ramlan,5/1/2021 0:00,200000,2979.450817,-,-,media/1.1073.jpg,media/2.1073.jpg,media/3.1073.jpg,media/4.1073.jpg,adopsipohonriau/1073
1074,TBK0247,Toghok,Artocarpus elasticus,Pohon Tua,icon/mature_tree.svg,Least Concern,63,20,Hutan Adat Imbo Bukik Kojan,-,-,-0.3016583,101.0308766,404.3562997,2,Belum,Belum,Belum,Ramlan,5/1/2021 0:00,200000,4374.297367,-,-,media/1.1074.jpg,media/2.1074.jpg,media/3.1074.jpg,media/4.1074.jpg,adopsipohonriau/1074
1075,TBK0248,Kanidai,Bridelia sp.,Pohon Tua,icon/mature_tree.svg,Not Defined,60,15,Hutan Adat Imbo Bukik Kojan,-,-,-0.3018402,101.0310734,404.4608529,2,Belum,Belum,Belum,Ramlan,5/1/2021 0:00,200000,3668.444924,-,-,media/1.1075.jpg,media/2.1075.jpg,media/3.1075.jpg,media/4.1075.jpg,adopsipohonriau/1075
1076,TBK0249,Pulai,Alstonia scholaris,Pohon Tua,icon/mature_tree.svg,Least Concern,140,50,Hutan Adat Imbo Bukik Kojan,-,-,-0.301845,101.0310811,404.3139349,2,Belum,Belum,Belum,Firga,44317,200000,42420.8213,-,-,media/1.1076.jpg,media/2.1076.jpg,media/3.1076.jpg,media/4.1076.jpg,adopsipohonriau/1076
1077,TBK0250,Pulai,Alstonia scholaris,Pohon Tua,icon/mature_tree.svg,Least Concern,194,55,Hutan Adat Imbo Bukik Kojan,-,-,-0.3015234,101.0312598,369.6592683,2,Belum,Belum,Belum,Ramlan,44317,200000,88008.65511,-,-,media/1.1077.jpg,media/2.1077.jpg,media/3.1077.jpg,media/4.1077.jpg,adopsipohonriau/1077